1,50,121,125,115.63,25.372,141.36,10.4,5.8,0
1,50,121,125,115.63,25.372,141.36,10.4,5.8,0
1,50,121,125,115.63,25.372,141.36,10.4,5.8,0
1,55,121,125,115.63,25.372,141.36,10.4,5.8,0
1,55,121,125,115.63,25.372,141.36,10.4,5.8,0
1,55,121,125,115.63,25.372,141.36,10.4,5.8,0
1,60,121,125,115.63,25.372,141.36,10.4,5.8,0
1,60,121,125,115.63,25.372,141.36,10.4,5.8,0
1,60,121,125,115.63,25.372,141.36,10.4,5.8,0
1,65,121,125,115.63,25.372,141.36,10.4,5.8,0
1,65,121,125,115.63,25.372,141.36,10.4,5.8,0
1,65,121,125,115.63,25.372,141.36,10.4,5.8,0
1,70,121,125,115.63,25.372,141.36,10.4,5.8,0.8
1,70,121,125,115.63,25.372,141.36,10.4,5.8,1.2
1,70,121,125,115.63,25.372,141.36,10.4,5.8,0.1
1,75,121,125,115.63,25.372,141.36,10.4,5.8,0.9
1,75,121,125,115.63,25.372,141.36,10.4,5.8,1.1
1,75,121,125,115.63,25.372,141.36,10.4,5.8,1
1,80,121,125,115.63,25.372,141.36,10.4,5.8,1
1,80,121,125,115.63,25.372,141.36,10.4,5.8,0.9
1,80,121,125,115.63,25.372,141.36,10.4,5.8,1
1,85,121,125,115.63,25.372,141.36,10.4,5.8,1.4
1,85,121,125,115.63,25.372,141.36,10.4,5.8,1
1,85,121,125,115.63,25.372,141.36,10.4,5.8,1.3
1,90,121,125,115.63,25.372,141.36,10.4,5.8,1
1,90,121,125,115.63,25.372,141.36,10.4,5.8,1.3
1,90,121,125,115.63,25.372,141.36,10.4,5.8,1.4
1,95,121,125,115.63,25.372,141.36,10.4,5.8,1
1,95,121,125,115.63,25.372,141.36,10.4,5.8,0.9
1,95,121,125,115.63,25.372,141.36,10.4,5.8,1
1,100,121,125,115.63,25.372,141.36,10.4,5.8,0.9
1,100,121,125,115.63,25.372,141.36,10.4,5.8,1
1,100,121,125,115.63,25.372,141.36,10.4,5.8,1.1
1,105,121,125,115.63,25.372,141.36,10.4,5.8,1.2
1,105,121,125,115.63,25.372,141.36,10.4,5.8,1.1
1,105,121,125,115.63,25.372,141.36,10.4,5.8,1.2
1,110,121,125,115.63,25.372,141.36,10.4,5.8,2.5
1,110,121,125,115.63,25.372,141.36,10.4,5.8,1.8
1,110,121,125,115.63,25.372,141.36,10.4,5.8,1.7
1,115,121,125,115.63,25.372,141.36,10.4,5.8,1.9
1,115,121,125,115.63,25.372,141.36,10.4,5.8,1.8
1,115,121,125,115.63,25.372,141.36,10.4,5.8,2.4
1,120,121,125,115.63,25.372,141.36,10.4,5.8,1.6
1,120,121,125,115.63,25.372,141.36,10.4,5.8,1.2
1,120,121,125,115.63,25.372,141.36,10.4,5.8,0.9
1,55,113,121.5,115.63,18.123,164.91,10.4,5.8,0
1,55,113,121.5,115.63,18.123,164.91,10.4,5.8,0
1,55,113,121.5,115.63,18.123,164.91,10.4,5.8,0
1,60,113,121.5,115.63,18.123,164.91,10.4,5.8,0
1,60,113,121.5,115.63,18.123,164.91,10.4,5.8,0
1,60,113,121.5,115.63,18.123,164.91,10.4,5.8,0
1,65,113,121.5,115.63,18.123,164.91,10.4,5.8,0
1,65,113,121.5,115.63,18.123,164.91,10.4,5.8,0
1,65,113,121.5,115.63,18.123,164.91,10.4,5.8,0
1,70,113,121.5,115.63,18.123,164.91,10.4,5.8,0
1,70,113,121.5,115.63,18.123,164.91,10.4,5.8,0
1,70,113,121.5,115.63,18.123,164.91,10.4,5.8,0
1,75,113,121.5,115.63,18.123,164.91,10.4,5.8,0
1,75,113,121.5,115.63,18.123,164.91,10.4,5.8,0
1,75,113,121.5,115.63,18.123,164.91,10.4,5.8,0
1,80,113,121.5,115.63,18.123,164.91,10.4,5.8,0
1,80,113,121.5,115.63,18.123,164.91,10.4,5.8,0
1,80,113,121.5,115.63,18.123,164.91,10.4,5.8,0
1,85,113,121.5,115.63,18.123,164.91,10.4,5.8,0
1,85,113,121.5,115.63,18.123,164.91,10.4,5.8,0
1,85,113,121.5,115.63,18.123,164.91,10.4,5.8,0
1,90,113,121.5,115.63,18.123,164.91,10.4,5.8,1.1
1,90,113,121.5,115.63,18.123,164.91,10.4,5.8,1
1,90,113,121.5,115.63,18.123,164.91,10.4,5.8,0.9
1,95,113,121.5,115.63,18.123,164.91,10.4,5.8,0.8
1,95,113,121.5,115.63,18.123,164.91,10.4,5.8,0.9
1,95,113,121.5,115.63,18.123,164.91,10.4,5.8,0.8
1,100,113,121.5,115.63,18.123,164.91,10.4,5.8,0.9
1,100,113,121.5,115.63,18.123,164.91,10.4,5.8,0.8
1,100,113,121.5,115.63,18.123,164.91,10.4,5.8,0.9
1,105,113,121.5,115.63,18.123,164.91,10.4,5.8,0.9
1,105,113,121.5,115.63,18.123,164.91,10.4,5.8,0.8
1,105,113,121.5,115.63,18.123,164.91,10.4,5.8,0.1
1,110,113,121.5,115.63,18.123,164.91,10.4,5.8,0.9
1,110,113,121.5,115.63,18.123,164.91,10.4,5.8,1.1
1,110,113,121.5,115.63,18.123,164.91,10.4,5.8,1
1,115,113,121.5,115.63,18.123,164.91,10.4,5.8,1
1,115,113,121.5,115.63,18.123,164.91,10.4,5.8,1.1
1,115,113,121.5,115.63,18.123,164.91,10.4,5.8,1.1
1,120,113,121.5,115.63,18.123,164.91,10.4,5.8,1
1,120,113,121.5,115.63,18.123,164.91,10.4,5.8,1.4
1,120,113,121.5,115.63,18.123,164.91,10.4,5.8,1.3
1,55,119,122,115.63,16.31,126.86,10.4,5.8,0
1,55,119,122,115.63,16.31,126.86,10.4,5.8,0
1,55,119,122,115.63,16.31,126.86,10.4,5.8,0
1,60,119,122,115.63,16.31,126.86,10.4,5.8,0
1,60,119,122,115.63,16.31,126.86,10.4,5.8,0
1,60,119,122,115.63,16.31,126.86,10.4,5.8,0
1,65,119,122,115.63,16.31,126.86,10.4,5.8,0
1,65,119,122,115.63,16.31,126.86,10.4,5.8,0
1,65,119,122,115.63,16.31,126.86,10.4,5.8,0
1,70,119,122,115.63,16.31,126.86,10.4,5.8,0
1,70,119,122,115.63,16.31,126.86,10.4,5.8,0
1,70,119,122,115.63,16.31,126.86,10.4,5.8,0
1,75,119,122,115.63,16.31,126.86,10.4,5.8,0
1,75,119,122,115.63,16.31,126.86,10.4,5.8,0
1,75,119,122,115.63,16.31,126.86,10.4,5.8,0
1,80,119,122,115.63,16.31,126.86,10.4,5.8,0.7
1,80,119,122,115.63,16.31,126.86,10.4,5.8,0.1
1,80,119,122,115.63,16.31,126.86,10.4,5.8,0
1,85,119,122,115.63,16.31,126.86,10.4,5.8,0.1
1,85,119,122,115.63,16.31,126.86,10.4,5.8,0
1,85,119,122,115.63,16.31,126.86,10.4,5.8,0
1,90,119,122,115.63,16.31,126.86,10.4,5.8,0.7
1,90,119,122,115.63,16.31,126.86,10.4,5.8,0.1
1,90,119,122,115.63,16.31,126.86,10.4,5.8,0
1,95,119,122,115.63,16.31,126.86,10.4,5.8,0.9
1,95,119,122,115.63,16.31,126.86,10.4,5.8,1.1
1,95,119,122,115.63,16.31,126.86,10.4,5.8,0.8
1,100,119,122,115.63,16.31,126.86,10.4,5.8,0.7
1,100,119,122,115.63,16.31,126.86,10.4,5.8,1.1
1,100,119,122,115.63,16.31,126.86,10.4,5.8,1.2
1,105,119,122,115.63,16.31,126.86,10.4,5.8,0.7
1,105,119,122,115.63,16.31,126.86,10.4,5.8,0.9
1,105,119,122,115.63,16.31,126.86,10.4,5.8,0.8
1,110,119,122,115.63,16.31,126.86,10.4,5.8,0.1
1,110,119,122,115.63,16.31,126.86,10.4,5.8,0.8
1,110,119,122,115.63,16.31,126.86,10.4,5.8,0.9
1,115,119,122,115.63,16.31,126.86,10.4,5.8,1
1,115,119,122,115.63,16.31,126.86,10.4,5.8,1.2
1,115,119,122,115.63,16.31,126.86,10.4,5.8,1.1
1,120,119,122,115.63,16.31,126.86,10.4,5.8,0.7
1,120,119,122,115.63,16.31,126.86,10.4,5.8,0
1,120,119,122,115.63,16.31,126.86,10.4,5.8,0.1
1,60,90,97.5,93,52.555,128.67,8.1,5.8,0
1,60,90,97.5,93,52.555,128.67,8.1,5.8,0
1,60,90,97.5,93,52.555,128.67,8.1,5.8,0
1,65,90,97.5,93,52.555,128.67,8.1,5.8,0
1,65,90,97.5,93,52.555,128.67,8.1,5.8,0
1,65,90,97.5,93,52.555,128.67,8.1,5.8,0
1,70,90,97.5,93,52.555,128.67,8.1,5.8,0.7
1,70,90,97.5,93,52.555,128.67,8.1,5.8,1
1,70,90,97.5,93,52.555,128.67,8.1,5.8,0.7
1,75,90,97.5,93,52.555,128.67,8.1,5.8,1.2
1,75,90,97.5,93,52.555,128.67,8.1,5.8,0.9
1,75,90,97.5,93,52.555,128.67,8.1,5.8,0.8
1,80,90,97.5,93,52.555,128.67,8.1,5.8,0.7
1,80,90,97.5,93,52.555,128.67,8.1,5.8,1
1,80,90,97.5,93,52.555,128.67,8.1,5.8,1.2
1,85,90,97.5,93,52.555,128.67,8.1,5.8,0.8
1,85,90,97.5,93,52.555,128.67,8.1,5.8,1.2
1,85,90,97.5,93,52.555,128.67,8.1,5.8,1.3
1,90,90,97.5,93,52.555,128.67,8.1,5.8,1
1,90,90,97.5,93,52.555,128.67,8.1,5.8,0.9
1,90,90,97.5,93,52.555,128.67,8.1,5.8,1
1,95,90,97.5,93,52.555,128.67,8.1,5.8,1.2
1,95,90,97.5,93,52.555,128.67,8.1,5.8,1.3
1,95,90,97.5,93,52.555,128.67,8.1,5.8,1.5
1,100,90,97.5,93,52.555,128.67,8.1,5.8,1.4
1,100,90,97.5,93,52.555,128.67,8.1,5.8,1.1
1,100,90,97.5,93,52.555,128.67,8.1,5.8,1
1,105,90,97.5,93,52.555,128.67,8.1,5.8,1.8
1,105,90,97.5,93,52.555,128.67,8.1,5.8,2
1,105,90,97.5,93,52.555,128.67,8.1,5.8,1.9
1,70,88,95,93,50.743,61.617,8.1,5.8,0
1,70,88,95,93,50.743,61.617,8.1,5.8,0
1,70,88,95,93,50.743,61.617,8.1,5.8,0
1,75,88,95,93,50.743,61.617,8.1,5.8,0
1,75,88,95,93,50.743,61.617,8.1,5.8,0
1,75,88,95,93,50.743,61.617,8.1,5.8,0
1,80,88,95,93,50.743,61.617,8.1,5.8,1.3
1,80,88,95,93,50.743,61.617,8.1,5.8,1.2
1,80,88,95,93,50.743,61.617,8.1,5.8,1.1
1,85,88,95,93,50.743,61.617,8.1,5.8,1.6
1,85,88,95,93,50.743,61.617,8.1,5.8,1.5
1,85,88,95,93,50.743,61.617,8.1,5.8,1.3
1,90,88,95,93,50.743,61.617,8.1,5.8,1.1
1,90,88,95,93,50.743,61.617,8.1,5.8,1.2
1,90,88,95,93,50.743,61.617,8.1,5.8,1.1
1,100,88,95,93,50.743,61.617,8.1,5.8,1.1
1,100,88,95,93,50.743,61.617,8.1,5.8,1.3
1,100,88,95,93,50.743,61.617,8.1,5.8,1.2
1,105,88,95,93,50.743,61.617,8.1,5.8,0.7
1,105,88,95,93,50.743,61.617,8.1,5.8,1
1,105,88,95,93,50.743,61.617,8.1,5.8,0.9
1,75,84,91,93,43.494,115.98,8.1,5.8,0
1,75,84,91,93,43.494,115.98,8.1,5.8,0
1,75,84,91,93,43.494,115.98,8.1,5.8,0
1,80,84,91,93,43.494,115.98,8.1,5.8,0
1,80,84,91,93,43.494,115.98,8.1,5.8,0
1,80,84,91,93,43.494,115.98,8.1,5.8,0
1,85,84,91,93,43.494,115.98,8.1,5.8,0.9
1,85,84,91,93,43.494,115.98,8.1,5.8,1
1,85,84,91,93,43.494,115.98,8.1,5.8,0.8
1,90,84,91,93,43.494,115.98,8.1,5.8,1.4
1,90,84,91,93,43.494,115.98,8.1,5.8,1.3
1,90,84,91,93,43.494,115.98,8.1,5.8,1.2
1,95,84,91,93,43.494,115.98,8.1,5.8,1
1,95,84,91,93,43.494,115.98,8.1,5.8,1.4
1,95,84,91,93,43.494,115.98,8.1,5.8,1.8
1,100,84,91,93,43.494,115.98,8.1,5.8,1
1,100,84,91,93,43.494,115.98,8.1,5.8,1.1
1,100,84,91,93,43.494,115.98,8.1,5.8,1
1,105,84,91,93,43.494,115.98,8.1,5.8,2
1,105,84,91,93,43.494,115.98,8.1,5.8,1.6
1,105,84,91,93,43.494,115.98,8.1,5.8,1.3
1,75,77,82,88.8,38.057,123.23,10.4,10.4,0
1,75,77,82,88.8,38.057,123.23,10.4,10.4,0
1,75,77,82,88.8,38.057,123.23,10.4,10.4,0
1,80,77,82,88.8,38.057,123.23,10.4,10.4,0
1,80,77,82,88.8,38.057,123.23,10.4,10.4,0
1,80,77,82,88.8,38.057,123.23,10.4,10.4,0
1,85,77,82,88.8,38.057,123.23,10.4,10.4,0.8
1,85,77,82,88.8,38.057,123.23,10.4,10.4,1
1,85,77,82,88.8,38.057,123.23,10.4,10.4,1.1
1,90,77,82,88.8,38.057,123.23,10.4,10.4,1.5
1,90,77,82,88.8,38.057,123.23,10.4,10.4,1.4
1,90,77,82,88.8,38.057,123.23,10.4,10.4,1.2
1,95,77,82,88.8,38.057,123.23,10.4,10.4,1.2
1,95,77,82,88.8,38.057,123.23,10.4,10.4,1.3
1,95,77,82,88.8,38.057,123.23,10.4,10.4,1.4
1,80,89.5,94.5,88.8,36.245,76.115,10.4,10.4,0
1,80,89.5,94.5,88.8,36.245,76.115,10.4,10.4,0
1,80,89.5,94.5,88.8,36.245,76.115,10.4,10.4,0
1,85,89.5,94.5,88.8,36.245,76.115,10.4,10.4,0
1,85,89.5,94.5,88.8,36.245,76.115,10.4,10.4,0
1,90,89.5,94.5,88.8,36.245,76.115,10.4,10.4,1.9
1,90,89.5,94.5,88.8,36.245,76.115,10.4,10.4,1
1,90,89.5,94.5,88.8,36.245,76.115,10.4,10.4,1.3
1,95,89.5,94.5,88.8,36.245,76.115,10.4,10.4,1
1,95,89.5,94.5,88.8,36.245,76.115,10.4,10.4,1.5
1,95,89.5,94.5,88.8,36.245,76.115,10.4,10.4,1.6
1,45,70.5,74.5,88.8,32.621,74.302,10.4,10.4,0
1,45,70.5,74.5,88.8,32.621,74.302,10.4,10.4,0
1,45,70.5,74.5,88.8,32.621,74.302,10.4,10.4,0
1,50,70.5,74.5,88.8,32.621,74.302,10.4,10.4,0
1,50,70.5,74.5,88.8,32.621,74.302,10.4,10.4,0
1,50,70.5,74.5,88.8,32.621,74.302,10.4,10.4,0
1,55,70.5,74.5,88.8,32.621,74.302,10.4,10.4,1
1,55,70.5,74.5,88.8,32.621,74.302,10.4,10.4,0.7
1,55,70.5,74.5,88.8,32.621,74.302,10.4,10.4,0.8
1,60,70.5,74.5,88.8,32.621,74.302,10.4,10.4,1.3
1,60,70.5,74.5,88.8,32.621,74.302,10.4,10.4,1.2
1,60,70.5,74.5,88.8,32.621,74.302,10.4,10.4,1
1,65,70.5,74.5,88.8,32.621,74.302,10.4,10.4,0.9
1,65,70.5,74.5,88.8,32.621,74.302,10.4,10.4,0.8
1,65,70.5,74.5,88.8,32.621,74.302,10.4,10.4,0.4
1,70,70.5,74.5,88.8,32.621,74.302,10.4,10.4,1
1,70,70.5,74.5,88.8,32.621,74.302,10.4,10.4,1.1
1,70,70.5,74.5,88.8,32.621,74.302,10.4,10.4,1.2
1,75,70.5,74.5,88.8,32.621,74.302,10.4,10.4,1.5
1,75,70.5,74.5,88.8,32.621,74.302,10.4,10.4,1.4
1,75,70.5,74.5,88.8,32.621,74.302,10.4,10.4,1.3
1,80,70.5,74.5,88.8,32.621,74.302,10.4,10.4,1.1
1,80,70.5,74.5,88.8,32.621,74.302,10.4,10.4,1
1,80,70.5,74.5,88.8,32.621,74.302,10.4,10.4,1.3
1,85,70.5,74.5,88.8,32.621,74.302,10.4,10.4,1.7
1,85,70.5,74.5,88.8,32.621,74.302,10.4,10.4,2.1
1,85,70.5,74.5,88.8,32.621,74.302,10.4,10.4,2.3
1,90,70.5,74.5,88.8,32.621,74.302,10.4,10.4,0.8
1,90,70.5,74.5,88.8,32.621,74.302,10.4,10.4,0.9
1,90,70.5,74.5,88.8,32.621,74.302,10.4,10.4,1
1,60,98,105.5,88.8,30.808,92.425,10.4,10.4,0
1,60,98,105.5,88.8,30.808,92.425,10.4,10.4,0
1,60,98,105.5,88.8,30.808,92.425,10.4,10.4,0
1,65,98,105.5,88.8,30.808,92.425,10.4,10.4,0
1,65,98,105.5,88.8,30.808,92.425,10.4,10.4,0
1,65,98,105.5,88.8,30.808,92.425,10.4,10.4,0
1,70,98,105.5,88.8,30.808,92.425,10.4,10.4,1.5
1,70,98,105.5,88.8,30.808,92.425,10.4,10.4,1.3
1,70,98,105.5,88.8,30.808,92.425,10.4,10.4,1
1,75,98,105.5,88.8,30.808,92.425,10.4,10.4,1.2
1,75,98,105.5,88.8,30.808,92.425,10.4,10.4,1.1
1,75,98,105.5,88.8,30.808,92.425,10.4,10.4,1
1,80,98,105.5,88.8,30.808,92.425,10.4,10.4,1
1,80,98,105.5,88.8,30.808,92.425,10.4,10.4,1.6
1,80,98,105.5,88.8,30.808,92.425,10.4,10.4,1.2
1,85,98,105.5,88.8,30.808,92.425,10.4,10.4,0.1
1,85,98,105.5,88.8,30.808,92.425,10.4,10.4,1.1
1,85,98,105.5,88.8,30.808,92.425,10.4,10.4,1.7
1,90,98,105.5,88.8,30.808,92.425,10.4,10.4,1.4
1,90,98,105.5,88.8,30.808,92.425,10.4,10.4,1.2
1,90,98,105.5,88.8,30.808,92.425,10.4,10.4,0.9
1,75,85,87.5,88.8,23.559,106.92,10.4,10.4,0
1,75,85,87.5,88.8,23.559,106.92,10.4,10.4,0
1,75,85,87.5,88.8,23.559,106.92,10.4,10.4,0
1,80,85,87.5,88.8,23.559,106.92,10.4,10.4,0
1,80,85,87.5,88.8,23.559,106.92,10.4,10.4,0
1,80,85,87.5,88.8,23.559,106.92,10.4,10.4,0
1,85,85,87.5,88.8,23.559,106.92,10.4,10.4,0.9
1,85,85,87.5,88.8,23.559,106.92,10.4,10.4,0.8
1,85,85,87.5,88.8,23.559,106.92,10.4,10.4,0.1
1,90,85,87.5,88.8,23.559,106.92,10.4,10.4,0.1
1,90,85,87.5,88.8,23.559,106.92,10.4,10.4,1
1,90,85,87.5,88.8,23.559,106.92,10.4,10.4,1.1
1,95,85,87.5,88.8,23.559,106.92,10.4,10.4,0.7
1,95,85,87.5,88.8,23.559,106.92,10.4,10.4,0.9
1,95,85,87.5,88.8,23.559,106.92,10.4,10.4,1.1
1,60,102.5,106,108.3,5.4368,170.35,9.2,9.2,0
1,60,102.5,106,108.3,5.4368,170.35,9.2,9.2,0
1,60,102.5,106,108.3,5.4368,170.35,9.2,9.2,0
1,65,102.5,106,108.3,5.4368,170.35,9.2,9.2,0
1,65,102.5,106,108.3,5.4368,170.35,9.2,9.2,0
1,65,102.5,106,108.3,5.4368,170.35,9.2,9.2,0
1,70,102.5,106,108.3,5.4368,170.35,9.2,9.2,0.7
1,70,102.5,106,108.3,5.4368,170.35,9.2,9.2,0.9
1,70,102.5,106,108.3,5.4368,170.35,9.2,9.2,1
1,75,102.5,106,108.3,5.4368,170.35,9.2,9.2,0.7
1,75,102.5,106,108.3,5.4368,170.35,9.2,9.2,0.1
1,75,102.5,106,108.3,5.4368,170.35,9.2,9.2,0
1,80,102.5,106,108.3,5.4368,170.35,9.2,9.2,0.8
1,80,102.5,106,108.3,5.4368,170.35,9.2,9.2,0.9
1,80,102.5,106,108.3,5.4368,170.35,9.2,9.2,0.8
1,85,102.5,106,108.3,5.4368,170.35,9.2,9.2,0.7
1,85,102.5,106,108.3,5.4368,170.35,9.2,9.2,1.3
1,85,102.5,106,108.3,5.4368,170.35,9.2,9.2,1.6
1,90,102.5,106,108.3,5.4368,170.35,9.2,9.2,0.9
1,90,102.5,106,108.3,5.4368,170.35,9.2,9.2,1
1,90,102.5,106,108.3,5.4368,170.35,9.2,9.2,0.9
1,95,102.5,106,108.3,5.4368,170.35,9.2,9.2,0.7
1,95,102.5,106,108.3,5.4368,170.35,9.2,9.2,0.8
1,95,102.5,106,108.3,5.4368,170.35,9.2,9.2,0.9
1,100,102.5,106,108.3,5.4368,170.35,9.2,9.2,1.2
1,100,102.5,106,108.3,5.4368,170.35,9.2,9.2,1.3
1,100,102.5,106,108.3,5.4368,170.35,9.2,9.2,1.5
1,105,102.5,106,108.3,5.4368,170.35,9.2,9.2,1.8
1,105,102.5,106,108.3,5.4368,170.35,9.2,9.2,1.7
1,105,102.5,106,108.3,5.4368,170.35,9.2,9.2,1.4
1,110,102.5,106,108.3,5.4368,170.35,9.2,9.2,0.8
1,110,102.5,106,108.3,5.4368,170.35,9.2,9.2,1.3
1,110,102.5,106,108.3,5.4368,170.35,9.2,9.2,2
1,115,102.5,106,108.3,5.4368,170.35,9.2,9.2,1.9
1,115,102.5,106,108.3,5.4368,170.35,9.2,9.2,2.4
1,115,102.5,106,108.3,5.4368,170.35,9.2,9.2,2
1,120,102.5,106,108.3,5.4368,170.35,9.2,9.2,1
1,120,102.5,106,108.3,5.4368,170.35,9.2,9.2,1.5
1,120,102.5,106,108.3,5.4368,170.35,9.2,9.2,1.3
1,95,108,114,108.3,23.559,210.22,9.2,9.2,0
1,95,108,114,108.3,23.559,210.22,9.2,9.2,0
1,95,108,114,108.3,23.559,210.22,9.2,9.2,0
1,100,108,114,108.3,23.559,210.22,9.2,9.2,0
1,100,108,114,108.3,23.559,210.22,9.2,9.2,0
1,100,108,114,108.3,23.559,210.22,9.2,9.2,0
1,105,108,114,108.3,23.559,210.22,9.2,9.2,0.8
1,105,108,114,108.3,23.559,210.22,9.2,9.2,1.2
1,105,108,114,108.3,23.559,210.22,9.2,9.2,1.4
1,110,108,114,108.3,23.559,210.22,9.2,9.2,1.2
1,110,108,114,108.3,23.559,210.22,9.2,9.2,1
1,110,108,114,108.3,23.559,210.22,9.2,9.2,0.9
1,115,108,114,108.3,23.559,210.22,9.2,9.2,1.4
1,115,108,114,108.3,23.559,210.22,9.2,9.2,1.7
1,115,108,114,108.3,23.559,210.22,9.2,9.2,2
1,120,108,114,108.3,23.559,210.22,9.2,9.2,1.9
1,120,108,114,108.3,23.559,210.22,9.2,9.2,2.2
1,120,108,114,108.3,23.559,210.22,9.2,9.2,1.9
1,55,85,90,87.7,43.494,128.67,13.8,13.8,0
1,55,85,90,87.7,43.494,128.67,13.8,13.8,0
1,55,85,90,87.7,43.494,128.67,13.8,13.8,0
1,60,85,90,87.7,43.494,128.67,13.8,13.8,0
1,60,85,90,87.7,43.494,128.67,13.8,13.8,0
1,60,85,90,87.7,43.494,128.67,13.8,13.8,0
1,65,85,90,87.7,43.494,128.67,13.8,13.8,0
1,65,85,90,87.7,43.494,128.67,13.8,13.8,0.8
1,65,85,90,87.7,43.494,128.67,13.8,13.8,0.1
1,70,85,90,87.7,43.494,128.67,13.8,13.8,0.1
1,70,85,90,87.7,43.494,128.67,13.8,13.8,0
1,70,85,90,87.7,43.494,128.67,13.8,13.8,0
1,75,85,90,87.7,43.494,128.67,13.8,13.8,0.7
1,75,85,90,87.7,43.494,128.67,13.8,13.8,1
1,75,85,90,87.7,43.494,128.67,13.8,13.8,0.9
1,80,85,90,87.7,43.494,128.67,13.8,13.8,1.2
1,80,85,90,87.7,43.494,128.67,13.8,13.8,1.1
1,80,85,90,87.7,43.494,128.67,13.8,13.8,0.8
1,85,85,90,87.7,43.494,128.67,13.8,13.8,1.2
1,85,85,90,87.7,43.494,128.67,13.8,13.8,1.3
1,85,85,90,87.7,43.494,128.67,13.8,13.8,1.1
1,90,85,90,87.7,43.494,128.67,13.8,13.8,0.8
1,90,85,90,87.7,43.494,128.67,13.8,13.8,1.2
1,90,85,90,87.7,43.494,128.67,13.8,13.8,1.3
1,95,85,90,87.7,43.494,128.67,13.8,13.8,1.8
1,95,85,90,87.7,43.494,128.67,13.8,13.8,1.3
1,95,85,90,87.7,43.494,128.67,13.8,13.8,0.8
1,100,85,90,87.7,43.494,128.67,13.8,13.8,0.8
1,100,85,90,87.7,43.494,128.67,13.8,13.8,1.1
1,100,85,90,87.7,43.494,128.67,13.8,13.8,1
1,70,88,91,87.7,59.804,150.42,13.8,13.8,0
1,70,88,91,87.7,59.804,150.42,13.8,13.8,0
1,70,88,91,87.7,59.804,150.42,13.8,13.8,0
1,75,88,91,87.7,59.804,150.42,13.8,13.8,0
1,75,88,91,87.7,59.804,150.42,13.8,13.8,0
1,75,88,91,87.7,59.804,150.42,13.8,13.8,0
1,80,88,91,87.7,59.804,150.42,13.8,13.8,1
1,80,88,91,87.7,59.804,150.42,13.8,13.8,1.1
1,80,88,91,87.7,59.804,150.42,13.8,13.8,1.2
1,85,88,91,87.7,59.804,150.42,13.8,13.8,1.6
1,85,88,91,87.7,59.804,150.42,13.8,13.8,1.8
1,85,88,91,87.7,59.804,150.42,13.8,13.8,1.7
1,90,88,91,87.7,59.804,150.42,13.8,13.8,0.8
1,90,88,91,87.7,59.804,150.42,13.8,13.8,0.9
1,90,88,91,87.7,59.804,150.42,13.8,13.8,0.9
1,95,88,91,87.7,59.804,150.42,13.8,13.8,1.5
1,95,88,91,87.7,59.804,150.42,13.8,13.8,1.4
1,95,88,91,87.7,59.804,150.42,13.8,13.8,1.5
1,100,88,91,87.7,59.804,150.42,13.8,13.8,1.7
1,100,88,91,87.7,59.804,150.42,13.8,13.8,1.5
1,100,88,91,87.7,59.804,150.42,13.8,13.8,1.1
1,105,88,91,87.7,59.804,150.42,13.8,13.8,1.3
1,55,84,86.5,87.7,41.682,139.54,13.8,13.8,0
1,55,84,86.5,87.7,41.682,139.54,13.8,13.8,0
1,55,84,86.5,87.7,41.682,139.54,13.8,13.8,0
1,60,84,86.5,87.7,41.682,139.54,13.8,13.8,0
1,60,84,86.5,87.7,41.682,139.54,13.8,13.8,0
1,60,84,86.5,87.7,41.682,139.54,13.8,13.8,0
1,65,84,86.5,87.7,41.682,139.54,13.8,13.8,0.1
1,65,84,86.5,87.7,41.682,139.54,13.8,13.8,0.7
1,65,84,86.5,87.7,41.682,139.54,13.8,13.8,0.1
1,70,84,86.5,87.7,41.682,139.54,13.8,13.8,0.9
1,70,84,86.5,87.7,41.682,139.54,13.8,13.8,1
1,70,84,86.5,87.7,41.682,139.54,13.8,13.8,0.8
1,75,84,86.5,87.7,41.682,139.54,13.8,13.8,0.7
1,75,84,86.5,87.7,41.682,139.54,13.8,13.8,1
1,75,84,86.5,87.7,41.682,139.54,13.8,13.8,0.9
1,80,84,86.5,87.7,41.682,139.54,13.8,13.8,1.5
1,80,84,86.5,87.7,41.682,139.54,13.8,13.8,1.4
1,80,84,86.5,87.7,41.682,139.54,13.8,13.8,1.3
1,85,84,86.5,87.7,41.682,139.54,13.8,13.8,2.2
1,85,84,86.5,87.7,41.682,139.54,13.8,13.8,1.6
1,85,84,86.5,87.7,41.682,139.54,13.8,13.8,1.8
1,90,84,86.5,87.7,41.682,139.54,13.8,13.8,1.1
1,90,84,86.5,87.7,41.682,139.54,13.8,13.8,1
1,90,84,86.5,87.7,41.682,139.54,13.8,13.8,0.9
1,95,84,86.5,87.7,41.682,139.54,13.8,13.8,1.2
1,95,84,86.5,87.7,41.682,139.54,13.8,13.8,1.1
1,95,84,86.5,87.7,41.682,139.54,13.8,13.8,1.4
1,100,84,86.5,87.7,41.682,139.54,13.8,13.8,1.5
1,100,84,86.5,87.7,41.682,139.54,13.8,13.8,1.4
1,100,84,86.5,87.7,41.682,139.54,13.8,13.8,1.2
1,65,91,95,87.7,56.18,168.54,13.8,13.8,0
1,65,91,95,87.7,56.18,168.54,13.8,13.8,0
1,65,91,95,87.7,56.18,168.54,13.8,13.8,0
1,70,91,95,87.7,56.18,168.54,13.8,13.8,0
1,70,91,95,87.7,56.18,168.54,13.8,13.8,0
1,70,91,95,87.7,56.18,168.54,13.8,13.8,0
1,75,91,95,87.7,56.18,168.54,13.8,13.8,0.9
1,75,91,95,87.7,56.18,168.54,13.8,13.8,0.1
1,75,91,95,87.7,56.18,168.54,13.8,13.8,0.9
1,80,91,95,87.7,56.18,168.54,13.8,13.8,0.1
1,80,91,95,87.7,56.18,168.54,13.8,13.8,0.8
1,80,91,95,87.7,56.18,168.54,13.8,13.8,0.7
1,85,91,95,87.7,56.18,168.54,13.8,13.8,1.6
1,85,91,95,87.7,56.18,168.54,13.8,13.8,1.3
1,85,91,95,87.7,56.18,168.54,13.8,13.8,1
1,90,91,95,87.7,56.18,168.54,13.8,13.8,1.1
1,90,91,95,87.7,56.18,168.54,13.8,13.8,1.4
1,90,91,95,87.7,56.18,168.54,13.8,13.8,1.5
1,95,91,95,87.7,56.18,168.54,13.8,13.8,1.4
1,95,91,95,87.7,56.18,168.54,13.8,13.8,1.5
1,95,91,95,87.7,56.18,168.54,13.8,13.8,1.8
1,100,91,95,87.7,56.18,168.54,13.8,13.8,1.5
1,100,91,95,87.7,56.18,168.54,13.8,13.8,1.7
1,100,91,95,87.7,56.18,168.54,13.8,13.8,1.5
1,60,74.5,76,87.7,50.743,166.73,13.8,13.8,0
1,60,74.5,76,87.7,50.743,166.73,13.8,13.8,0
1,60,74.5,76,87.7,50.743,166.73,13.8,13.8,0
1,65,74.5,76,87.7,50.743,166.73,13.8,13.8,0
1,65,74.5,76,87.7,50.743,166.73,13.8,13.8,0
1,65,74.5,76,87.7,50.743,166.73,13.8,13.8,0
1,70,74.5,76,87.7,50.743,166.73,13.8,13.8,0.9
1,70,74.5,76,87.7,50.743,166.73,13.8,13.8,1
1,70,74.5,76,87.7,50.743,166.73,13.8,13.8,0.1
1,75,74.5,76,87.7,50.743,166.73,13.8,13.8,1.5
1,75,74.5,76,87.7,50.743,166.73,13.8,13.8,1.7
1,75,74.5,76,87.7,50.743,166.73,13.8,13.8,1
1,80,74.5,76,87.7,50.743,166.73,13.8,13.8,1.2
1,80,74.5,76,87.7,50.743,166.73,13.8,13.8,1
1,80,74.5,76,87.7,50.743,166.73,13.8,13.8,0.8
1,85,74.5,76,87.7,50.743,166.73,13.8,13.8,1.1
1,85,74.5,76,87.7,50.743,166.73,13.8,13.8,0.9
1,85,74.5,76,87.7,50.743,166.73,13.8,13.8,0.8
1,90,74.5,76,87.7,50.743,166.73,13.8,13.8,1.1
1,90,74.5,76,87.7,50.743,166.73,13.8,13.8,1.5
1,90,74.5,76,87.7,50.743,166.73,13.8,13.8,2
1,95,74.5,76,87.7,50.743,166.73,13.8,13.8,1.7
1,95,74.5,76,87.7,50.743,166.73,13.8,13.8,1.8
1,95,74.5,76,87.7,50.743,166.73,13.8,13.8,1.6
1,100,74.5,76,87.7,50.743,166.73,13.8,13.8,1.7
1,100,74.5,76,87.7,50.743,166.73,13.8,13.8,1.6
1,100,74.5,76,87.7,50.743,166.73,13.8,13.8,1.7
1,60,68,70,68.4,85.176,106.92,9.2,8.1,0
1,60,68,70,68.4,85.176,106.92,9.2,8.1,0
1,60,68,70,68.4,85.176,106.92,9.2,8.1,0
1,65,68,70,68.4,85.176,106.92,9.2,8.1,0
1,65,68,70,68.4,85.176,106.92,9.2,8.1,0
1,65,68,70,68.4,85.176,106.92,9.2,8.1,0
1,70,68,70,68.4,85.176,106.92,9.2,8.1,1.1
1,70,68,70,68.4,85.176,106.92,9.2,8.1,1.4
1,70,68,70,68.4,85.176,106.92,9.2,8.1,1.5
1,75,68,70,68.4,85.176,106.92,9.2,8.1,1.3
1,75,68,70,68.4,85.176,106.92,9.2,8.1,1.1
1,75,68,70,68.4,85.176,106.92,9.2,8.1,1.2
1,80,68,70,68.4,85.176,106.92,9.2,8.1,1.3
1,80,68,70,68.4,85.176,106.92,9.2,8.1,1.1
1,80,68,70,68.4,85.176,106.92,9.2,8.1,1.2
1,55,43.5,47,68.4,32.621,137.73,9.2,8.1,0
1,55,43.5,47,68.4,32.621,137.73,9.2,8.1,0
1,55,43.5,47,68.4,32.621,137.73,9.2,8.1,0
1,60,43.5,47,68.4,32.621,137.73,9.2,8.1,0
1,60,43.5,47,68.4,32.621,137.73,9.2,8.1,0
1,60,43.5,47,68.4,32.621,137.73,9.2,8.1,0
1,65,43.5,47,68.4,32.621,137.73,9.2,8.1,1
1,65,43.5,47,68.4,32.621,137.73,9.2,8.1,1.1
1,65,43.5,47,68.4,32.621,137.73,9.2,8.1,1
1,70,43.5,47,68.4,32.621,137.73,9.2,8.1,0.9
1,70,43.5,47,68.4,32.621,137.73,9.2,8.1,1.3
1,70,43.5,47,68.4,32.621,137.73,9.2,8.1,1.4
1,75,43.5,47,68.4,32.621,137.73,9.2,8.1,1.7
1,75,43.5,47,68.4,32.621,137.73,9.2,8.1,1.9
1,75,43.5,47,68.4,32.621,137.73,9.2,8.1,2
1,80,43.5,47,68.4,32.621,137.73,9.2,8.1,1.7
1,80,43.5,47,68.4,32.621,137.73,9.2,8.1,1.6
1,80,43.5,47,68.4,32.621,137.73,9.2,8.1,1.7
1,60,79.5,82,68.4,50.743,99.674,9.2,8.1,0
1,60,79.5,82,68.4,50.743,99.674,9.2,8.1,0
1,60,79.5,82,68.4,50.743,99.674,9.2,8.1,0
1,65,79.5,82,68.4,50.743,99.674,9.2,8.1,0
1,65,79.5,82,68.4,50.743,99.674,9.2,8.1,0
1,65,79.5,82,68.4,50.743,99.674,9.2,8.1,0
1,70,79.5,82,68.4,50.743,99.674,9.2,8.1,2
1,70,79.5,82,68.4,50.743,99.674,9.2,8.1,1.9
1,70,79.5,82,68.4,50.743,99.674,9.2,8.1,1.4
1,75,79.5,82,68.4,50.743,99.674,9.2,8.1,1.3
1,75,79.5,82,68.4,50.743,99.674,9.2,8.1,1.2
1,75,79.5,82,68.4,50.743,99.674,9.2,8.1,1.1
1,80,79.5,82,68.4,50.743,99.674,9.2,8.1,1.6
1,80,79.5,82,68.4,50.743,99.674,9.2,8.1,1.5
1,80,79.5,82,68.4,50.743,99.674,9.2,8.1,1.3
1,60,65.5,71,68.4,65.241,81.551,9.2,8.1,0
1,65,65.5,71,68.4,65.241,81.551,9.2,8.1,0
1,65,65.5,71,68.4,65.241,81.551,9.2,8.1,0
1,65,65.5,71,68.4,65.241,81.551,9.2,8.1,0
1,70,65.5,71,68.4,65.241,81.551,9.2,8.1,0
1,70,65.5,71,68.4,65.241,81.551,9.2,8.1,0
1,70,65.5,71,68.4,65.241,81.551,9.2,8.1,0
1,75,65.5,71,68.4,65.241,81.551,9.2,8.1,1
1,75,65.5,71,68.4,65.241,81.551,9.2,8.1,0.9
1,75,65.5,71,68.4,65.241,81.551,9.2,8.1,0.7
1,80,65.5,71,68.4,65.241,81.551,9.2,8.1,0.8
1,80,65.5,71,68.4,65.241,81.551,9.2,8.1,1
1,80,65.5,71,68.4,65.241,81.551,9.2,8.1,1.2
1,45,68.5,72,68.4,77.927,130.48,9.2,8.1,0
1,50,68.5,72,68.4,77.927,130.48,9.2,8.1,0
1,50,68.5,72,68.4,77.927,130.48,9.2,8.1,0
1,50,68.5,72,68.4,77.927,130.48,9.2,8.1,0
1,55,68.5,72,68.4,77.927,130.48,9.2,8.1,0
1,55,68.5,72,68.4,77.927,130.48,9.2,8.1,0
1,55,68.5,72,68.4,77.927,130.48,9.2,8.1,0
1,60,68.5,72,68.4,77.927,130.48,9.2,8.1,1.3
1,60,68.5,72,68.4,77.927,130.48,9.2,8.1,1
1,60,68.5,72,68.4,77.927,130.48,9.2,8.1,0.8
1,65,68.5,72,68.4,77.927,130.48,9.2,8.1,0.9
1,65,68.5,72,68.4,77.927,130.48,9.2,8.1,1
1,65,68.5,72,68.4,77.927,130.48,9.2,8.1,0.9
1,70,68.5,72,68.4,77.927,130.48,9.2,8.1,0.3
1,70,68.5,72,68.4,77.927,130.48,9.2,8.1,0.1
1,70,68.5,72,68.4,77.927,130.48,9.2,8.1,0
1,75,68.5,72,68.4,77.927,130.48,9.2,8.1,1.6
1,75,68.5,72,68.4,77.927,130.48,9.2,8.1,1.3
1,75,68.5,72,68.4,77.927,130.48,9.2,8.1,1.2
1,80,68.5,72,68.4,77.927,130.48,9.2,8.1,2
1,80,68.5,72,68.4,77.927,130.48,9.2,8.1,1.7
1,80,68.5,72,68.4,77.927,130.48,9.2,8.1,1.4
1,105,126,129.5,121,39.87,96.049,18.4,11.5,1
1,105,126,129.5,121,39.87,96.049,18.4,11.5,1.3
1,105,126,129.5,121,39.87,96.049,18.4,11.5,1.2
1,110,126,129.5,121,39.87,96.049,18.4,11.5,0.7
1,110,126,129.5,121,39.87,96.049,18.4,11.5,0.9
1,110,126,129.5,121,39.87,96.049,18.4,11.5,1
1,115,126,129.5,121,39.87,96.049,18.4,11.5,0.8
1,115,126,129.5,121,39.87,96.049,18.4,11.5,1.3
1,115,126,129.5,121,39.87,96.049,18.4,11.5,1.4
1,120,126,129.5,121,39.87,96.049,18.4,11.5,1
1,120,126,129.5,121,39.87,96.049,18.4,11.5,0.8
1,120,126,129.5,121,39.87,96.049,18.4,11.5,0.9
1,125,126,129.5,121,39.87,96.049,18.4,11.5,1.6
1,125,126,129.5,121,39.87,96.049,18.4,11.5,1.4
1,125,126,129.5,121,39.87,96.049,18.4,11.5,1.2
1,130,126,129.5,121,39.87,96.049,18.4,11.5,1.2
1,130,126,129.5,121,39.87,96.049,18.4,11.5,1.3
1,130,126,129.5,121,39.87,96.049,18.4,11.5,1.2
1,95,126,129.5,121,39.87,96.049,18.4,11.5,0
1,95,126,129.5,121,39.87,96.049,18.4,11.5,0
1,95,126,129.5,121,39.87,96.049,18.4,11.5,0
1,100,126,129.5,121,39.87,96.049,18.4,11.5,0
1,100,126,129.5,121,39.87,96.049,18.4,11.5,0
1,100,126,129.5,121,39.87,96.049,18.4,11.5,0
1,110,120,123,121,39.87,132.29,18.4,11.5,0.1
1,110,120,123,121,39.87,132.29,18.4,11.5,0.8
1,110,120,123,121,39.87,132.29,18.4,11.5,0.7
1,115,120,123,121,39.87,132.29,18.4,11.5,1.9
1,115,120,123,121,39.87,132.29,18.4,11.5,1.6
1,115,120,123,121,39.87,132.29,18.4,11.5,1.3
1,120,120,123,121,39.87,132.29,18.4,11.5,1.8
1,120,120,123,121,39.87,132.29,18.4,11.5,1.7
1,120,120,123,121,39.87,132.29,18.4,11.5,2
1,125,120,123,121,39.87,132.29,18.4,11.5,1.4
1,125,120,123,121,39.87,132.29,18.4,11.5,2
1,125,120,123,121,39.87,132.29,18.4,11.5,2.8
1,130,120,123,121,39.87,132.29,18.4,11.5,0.8
1,130,120,123,121,39.87,132.29,18.4,11.5,1
1,130,120,123,121,39.87,132.29,18.4,11.5,1.4
1,100,120,123,121,39.87,132.29,18.4,11.5,0
1,100,120,123,121,39.87,132.29,18.4,11.5,0
1,100,120,123,121,39.87,132.29,18.4,11.5,0
1,105,120,123,121,39.87,132.29,18.4,11.5,0
1,105,120,123,121,39.87,132.29,18.4,11.5,0
1,105,120,123,121,39.87,132.29,18.4,11.5,0
1,95,116,120.5,121,45.306,125.05,18.4,11.5,0.9
1,95,116,120.5,121,45.306,125.05,18.4,11.5,0.8
1,95,116,120.5,121,45.306,125.05,18.4,11.5,0.7
1,100,116,120.5,121,45.306,125.05,18.4,11.5,0.8
1,100,116,120.5,121,45.306,125.05,18.4,11.5,0
1,100,116,120.5,121,45.306,125.05,18.4,11.5,0.1
1,105,116,120.5,121,45.306,125.05,18.4,11.5,0.8
1,105,116,120.5,121,45.306,125.05,18.4,11.5,0.7
1,105,116,120.5,121,45.306,125.05,18.4,11.5,0
1,110,116,120.5,121,45.306,125.05,18.4,11.5,0.8
1,110,116,120.5,121,45.306,125.05,18.4,11.5,1.2
1,110,116,120.5,121,45.306,125.05,18.4,11.5,1.1
1,115,116,120.5,121,45.306,125.05,18.4,11.5,1.1
1,115,116,120.5,121,45.306,125.05,18.4,11.5,1.5
1,115,116,120.5,121,45.306,125.05,18.4,11.5,1.3
1,120,116,120.5,121,45.306,125.05,18.4,11.5,0.7
1,120,116,120.5,121,45.306,125.05,18.4,11.5,1.2
1,120,116,120.5,121,45.306,125.05,18.4,11.5,1.5
1,125,116,120.5,121,45.306,125.05,18.4,11.5,1.5
1,125,116,120.5,121,45.306,125.05,18.4,11.5,1.4
1,125,116,120.5,121,45.306,125.05,18.4,11.5,1.6
1,130,116,120.5,121,45.306,125.05,18.4,11.5,1.2
1,130,116,120.5,121,45.306,125.05,18.4,11.5,1.1
1,130,116,120.5,121,45.306,125.05,18.4,11.5,1.2
1,85,116,120.5,121,45.306,125.05,18.4,11.5,0
1,85,116,120.5,121,45.306,125.05,18.4,11.5,0
1,85,116,120.5,121,45.306,125.05,18.4,11.5,0
1,90,116,120.5,121,45.306,125.05,18.4,11.5,0
1,90,116,120.5,121,45.306,125.05,18.4,11.5,0
1,90,116,120.5,121,45.306,125.05,18.4,11.5,0
1,110,112,112,121,38.057,135.92,18.4,11.5,1.2
1,110,112,112,121,38.057,135.92,18.4,11.5,1
1,110,112,112,121,38.057,135.92,18.4,11.5,0.9
1,115,112,112,121,38.057,135.92,18.4,11.5,1.4
1,115,112,112,121,38.057,135.92,18.4,11.5,1.1
1,115,112,112,121,38.057,135.92,18.4,11.5,1.2
1,120,112,112,121,38.057,135.92,18.4,11.5,2.1
1,120,112,112,121,38.057,135.92,18.4,11.5,1.9
1,120,112,112,121,38.057,135.92,18.4,11.5,1.5
1,125,112,112,121,38.057,135.92,18.4,11.5,0.7
1,125,112,112,121,38.057,135.92,18.4,11.5,1
1,125,112,112,121,38.057,135.92,18.4,11.5,1.4
1,130,112,112,121,38.057,135.92,18.4,11.5,1.9
1,130,112,112,121,38.057,135.92,18.4,11.5,2.1
1,130,112,112,121,38.057,135.92,18.4,11.5,1.9
1,100,112,112,121,38.057,135.92,18.4,11.5,0
1,100,112,112,121,38.057,135.92,18.4,11.5,0
1,100,112,112,121,38.057,135.92,18.4,11.5,0
1,105,112,112,121,38.057,135.92,18.4,11.5,0
1,105,112,112,121,38.057,135.92,18.4,11.5,0
1,105,112,112,121,38.057,135.92,18.4,11.5,0
1,100,114.5,120,121,14.498,90.613,18.4,11.5,0.1
1,100,114.5,120,121,14.498,90.613,18.4,11.5,1
1,100,114.5,120,121,14.498,90.613,18.4,11.5,1.2
1,105,114.5,120,121,14.498,90.613,18.4,11.5,0.8
1,105,114.5,120,121,14.498,90.613,18.4,11.5,1
1,105,114.5,120,121,14.498,90.613,18.4,11.5,0.9
1,110,114.5,120,121,14.498,90.613,18.4,11.5,1.4
1,110,114.5,120,121,14.498,90.613,18.4,11.5,1.5
1,110,114.5,120,121,14.498,90.613,18.4,11.5,1.2
1,115,114.5,120,121,14.498,90.613,18.4,11.5,0.7
1,115,114.5,120,121,14.498,90.613,18.4,11.5,1.2
1,115,114.5,120,121,14.498,90.613,18.4,11.5,1.8
1,120,114.5,120,121,14.498,90.613,18.4,11.5,1.3
1,120,114.5,120,121,14.498,90.613,18.4,11.5,1.4
1,120,114.5,120,121,14.498,90.613,18.4,11.5,1.6
1,125,114.5,120,121,14.498,90.613,18.4,11.5,2.1
1,125,114.5,120,121,14.498,90.613,18.4,11.5,2.9
1,125,114.5,120,121,14.498,90.613,18.4,11.5,2.6
1,130,114.5,120,121,14.498,90.613,18.4,11.5,1
1,130,114.5,120,121,14.498,90.613,18.4,11.5,0.9
1,130,114.5,120,121,14.498,90.613,18.4,11.5,1.1
1,90,114.5,120,121,14.498,90.613,18.4,11.5,0
1,90,114.5,120,121,14.498,90.613,18.4,11.5,0
1,90,114.5,120,121,14.498,90.613,18.4,11.5,0
1,95,114.5,120,121,14.498,90.613,18.4,11.5,0
1,95,114.5,120,121,14.498,90.613,18.4,11.5,0
1,95,114.5,120,121,14.498,90.613,18.4,11.5,0
1,75,86.5,92,89.6,56.18,121.42,9.2,9.2,0
1,75,86.5,92,89.6,56.18,121.42,9.2,9.2,0.7
1,75,86.5,92,89.6,56.18,121.42,9.2,9.2,0
1,80,86.5,92,89.6,56.18,121.42,9.2,9.2,0.1
1,80,86.5,92,89.6,56.18,121.42,9.2,9.2,0.8
1,80,86.5,92,89.6,56.18,121.42,9.2,9.2,0.9
1,85,86.5,92,89.6,56.18,121.42,9.2,9.2,0.8
1,85,86.5,92,89.6,56.18,121.42,9.2,9.2,0.9
1,85,86.5,92,89.6,56.18,121.42,9.2,9.2,0.8
1,90,86.5,92,89.6,56.18,121.42,9.2,9.2,1.5
1,90,86.5,92,89.6,56.18,121.42,9.2,9.2,1.6
1,90,86.5,92,89.6,56.18,121.42,9.2,9.2,1.2
1,95,86.5,92,89.6,56.18,121.42,9.2,9.2,1.2
1,95,86.5,92,89.6,56.18,121.42,9.2,9.2,1.3
1,95,86.5,92,89.6,56.18,121.42,9.2,9.2,1.4
1,100,86.5,92,89.6,56.18,121.42,9.2,9.2,2
1,100,86.5,92,89.6,56.18,121.42,9.2,9.2,1.8
1,100,86.5,92,89.6,56.18,121.42,9.2,9.2,1.6
1,65,86.5,92,89.6,56.18,121.42,9.2,9.2,0
1,65,86.5,92,89.6,56.18,121.42,9.2,9.2,0
1,65,86.5,92,89.6,56.18,121.42,9.2,9.2,0
1,70,86.5,92,89.6,56.18,121.42,9.2,9.2,0
1,70,86.5,92,89.6,56.18,121.42,9.2,9.2,0
1,70,86.5,92,89.6,56.18,121.42,9.2,9.2,0
1,75,81.5,86.5,89.6,81.551,135.92,9.2,9.2,0.7
1,75,81.5,86.5,89.6,81.551,135.92,9.2,9.2,1.1
1,75,81.5,86.5,89.6,81.551,135.92,9.2,9.2,1.2
1,80,81.5,86.5,89.6,81.551,135.92,9.2,9.2,1.5
1,80,81.5,86.5,89.6,81.551,135.92,9.2,9.2,1.4
1,80,81.5,86.5,89.6,81.551,135.92,9.2,9.2,0.1
1,85,81.5,86.5,89.6,81.551,135.92,9.2,9.2,1.2
1,85,81.5,86.5,89.6,81.551,135.92,9.2,9.2,1.3
1,85,81.5,86.5,89.6,81.551,135.92,9.2,9.2,1.4
1,90,81.5,86.5,89.6,81.551,135.92,9.2,9.2,1
1,90,81.5,86.5,89.6,81.551,135.92,9.2,9.2,0.9
1,90,81.5,86.5,89.6,81.551,135.92,9.2,9.2,1
1,95,81.5,86.5,89.6,81.551,135.92,9.2,9.2,1.1
1,95,81.5,86.5,89.6,81.551,135.92,9.2,9.2,1
1,95,81.5,86.5,89.6,81.551,135.92,9.2,9.2,1.3
1,100,81.5,86.5,89.6,81.551,135.92,9.2,9.2,3.3
1,100,81.5,86.5,89.6,81.551,135.92,9.2,9.2,2.8
1,100,81.5,86.5,89.6,81.551,135.92,9.2,9.2,2.4
1,65,81.5,86.5,89.6,81.551,135.92,9.2,9.2,0
1,65,81.5,86.5,89.6,81.551,135.92,9.2,9.2,0
1,65,81.5,86.5,89.6,81.551,135.92,9.2,9.2,0
1,70,81.5,86.5,89.6,81.551,135.92,9.2,9.2,0
1,70,81.5,86.5,89.6,81.551,135.92,9.2,9.2,0
1,70,81.5,86.5,89.6,81.551,135.92,9.2,9.2,0
1,70,88.5,97.5,89.6,36.245,126.86,9.2,9.2,0
1,70,88.5,97.5,89.6,36.245,126.86,9.2,9.2,0.7
1,70,88.5,97.5,89.6,36.245,126.86,9.2,9.2,0
1,75,88.5,97.5,89.6,36.245,126.86,9.2,9.2,0.9
1,75,88.5,97.5,89.6,36.245,126.86,9.2,9.2,1.1
1,75,88.5,97.5,89.6,36.245,126.86,9.2,9.2,1.4
1,80,88.5,97.5,89.6,36.245,126.86,9.2,9.2,1.3
1,80,88.5,97.5,89.6,36.245,126.86,9.2,9.2,1
1,80,88.5,97.5,89.6,36.245,126.86,9.2,9.2,0.9
1,85,88.5,97.5,89.6,36.245,126.86,9.2,9.2,2.3
1,85,88.5,97.5,89.6,36.245,126.86,9.2,9.2,2.1
1,85,88.5,97.5,89.6,36.245,126.86,9.2,9.2,1.7
1,90,88.5,97.5,89.6,36.245,126.86,9.2,9.2,0.8
1,90,88.5,97.5,89.6,36.245,126.86,9.2,9.2,1
1,90,88.5,97.5,89.6,36.245,126.86,9.2,9.2,0.9
1,95,88.5,97.5,89.6,36.245,126.86,9.2,9.2,0.1
1,95,88.5,97.5,89.6,36.245,126.86,9.2,9.2,0.8
1,95,88.5,97.5,89.6,36.245,126.86,9.2,9.2,0.9
1,100,88.5,97.5,89.6,36.245,126.86,9.2,9.2,0.8
1,100,88.5,97.5,89.6,36.245,126.86,9.2,9.2,1
1,100,88.5,97.5,89.6,36.245,126.86,9.2,9.2,1.1
1,60,88.5,97.5,89.6,36.245,126.86,9.2,9.2,0
1,60,88.5,97.5,89.6,36.245,126.86,9.2,9.2,0
1,60,88.5,97.5,89.6,36.245,126.86,9.2,9.2,0
1,65,88.5,97.5,89.6,36.245,126.86,9.2,9.2,0
1,65,88.5,97.5,89.6,36.245,126.86,9.2,9.2,0
1,65,88.5,97.5,89.6,36.245,126.86,9.2,9.2,0
1,70,88.5,95.5,89.6,45.306,126.86,9.2,9.2,0.1
1,70,88.5,95.5,89.6,45.306,126.86,9.2,9.2,0.9
1,70,88.5,95.5,89.6,45.306,126.86,9.2,9.2,0.8
1,75,88.5,95.5,89.6,45.306,126.86,9.2,9.2,0.1
1,75,88.5,95.5,89.6,45.306,126.86,9.2,9.2,0.9
1,75,88.5,95.5,89.6,45.306,126.86,9.2,9.2,1.1
1,80,88.5,95.5,89.6,45.306,126.86,9.2,9.2,1.4
1,80,88.5,95.5,89.6,45.306,126.86,9.2,9.2,1.1
1,80,88.5,95.5,89.6,45.306,126.86,9.2,9.2,1.2
1,85,88.5,95.5,89.6,45.306,126.86,9.2,9.2,1.5
1,85,88.5,95.5,89.6,45.306,126.86,9.2,9.2,1.6
1,85,88.5,95.5,89.6,45.306,126.86,9.2,9.2,1.4
1,90,88.5,95.5,89.6,45.306,126.86,9.2,9.2,1.2
1,90,88.5,95.5,89.6,45.306,126.86,9.2,9.2,1.6
1,90,88.5,95.5,89.6,45.306,126.86,9.2,9.2,1.7
1,95,88.5,95.5,89.6,45.306,126.86,9.2,9.2,1.9
1,95,88.5,95.5,89.6,45.306,126.86,9.2,9.2,2.1
1,95,88.5,95.5,89.6,45.306,126.86,9.2,9.2,2.6
1,100,88.5,95.5,89.6,45.306,126.86,9.2,9.2,2
1,100,88.5,95.5,89.6,45.306,126.86,9.2,9.2,1.9
1,100,88.5,95.5,89.6,45.306,126.86,9.2,9.2,1.7
1,60,88.5,95.5,89.6,45.306,126.86,9.2,9.2,0
1,60,88.5,95.5,89.6,45.306,126.86,9.2,9.2,0
1,60,88.5,95.5,89.6,45.306,126.86,9.2,9.2,0
1,65,88.5,95.5,89.6,45.306,126.86,9.2,9.2,0
1,65,88.5,95.5,89.6,45.306,126.86,9.2,9.2,0
1,65,88.5,95.5,89.6,45.306,126.86,9.2,9.2,0
1,75,73,76.5,89.6,48.931,215.66,9.2,9.2,0.7
1,75,73,76.5,89.6,48.931,215.66,9.2,9.2,0
1,75,73,76.5,89.6,48.931,215.66,9.2,9.2,0.7
1,80,73,76.5,89.6,48.931,215.66,9.2,9.2,1.4
1,80,73,76.5,89.6,48.931,215.66,9.2,9.2,1.2
1,80,73,76.5,89.6,48.931,215.66,9.2,9.2,1.1
1,85,73,76.5,89.6,48.931,215.66,9.2,9.2,0.7
1,85,73,76.5,89.6,48.931,215.66,9.2,9.2,0.1
1,85,73,76.5,89.6,48.931,215.66,9.2,9.2,1
1,90,73,76.5,89.6,48.931,215.66,9.2,9.2,1
1,90,73,76.5,89.6,48.931,215.66,9.2,9.2,1.3
1,90,73,76.5,89.6,48.931,215.66,9.2,9.2,1.6
1,95,73,76.5,89.6,48.931,215.66,9.2,9.2,1.1
1,95,73,76.5,89.6,48.931,215.66,9.2,9.2,0.8
1,95,73,76.5,89.6,48.931,215.66,9.2,9.2,0.9
1,100,73,76.5,89.6,48.931,215.66,9.2,9.2,0.8
1,100,73,76.5,89.6,48.931,215.66,9.2,9.2,1.2
1,100,73,76.5,89.6,48.931,215.66,9.2,9.2,1.1
1,65,73,76.5,89.6,48.931,215.66,9.2,9.2,0
1,65,73,76.5,89.6,48.931,215.66,9.2,9.2,0
1,65,73,76.5,89.6,48.931,215.66,9.2,9.2,0
1,70,73,76.5,89.6,48.931,215.66,9.2,9.2,0
1,70,73,76.5,89.6,48.931,215.66,9.2,9.2,0
1,70,73,76.5,89.6,48.931,215.66,9.2,9.2,0
1,65,73,80.5,85.3,34.433,50.743,9.2,9.2,0.8
1,65,73,80.5,85.3,34.433,50.743,9.2,9.2,1.1
1,65,73,80.5,85.3,34.433,50.743,9.2,9.2,1
1,70,73,80.5,85.3,34.433,50.743,9.2,9.2,1.6
1,70,73,80.5,85.3,34.433,50.743,9.2,9.2,1.4
1,70,73,80.5,85.3,34.433,50.743,9.2,9.2,1.2
1,75,73,80.5,85.3,34.433,50.743,9.2,9.2,1.4
1,75,73,80.5,85.3,34.433,50.743,9.2,9.2,1.2
1,75,73,80.5,85.3,34.433,50.743,9.2,9.2,1
1,80,73,80.5,85.3,34.433,50.743,9.2,9.2,1.8
1,80,73,80.5,85.3,34.433,50.743,9.2,9.2,1.5
1,80,73,80.5,85.3,34.433,50.743,9.2,9.2,1.3
1,85,73,80.5,85.3,34.433,50.743,9.2,9.2,1.9
1,85,73,80.5,85.3,34.433,50.743,9.2,9.2,1.8
1,85,73,80.5,85.3,34.433,50.743,9.2,9.2,1.6
1,90,73,80.5,85.3,34.433,50.743,9.2,9.2,2.4
1,90,73,80.5,85.3,34.433,50.743,9.2,9.2,2.2
1,90,73,80.5,85.3,34.433,50.743,9.2,9.2,2
1,95,73,80.5,85.3,34.433,50.743,9.2,9.2,2.5
1,95,73,80.5,85.3,34.433,50.743,9.2,9.2,2.6
1,95,73,80.5,85.3,34.433,50.743,9.2,9.2,2
1,55,73,80.5,85.3,34.433,50.743,9.2,9.2,0
1,55,73,80.5,85.3,34.433,50.743,9.2,9.2,0
1,55,73,80.5,85.3,34.433,50.743,9.2,9.2,0
1,60,73,80.5,85.3,34.433,50.743,9.2,9.2,0
1,60,73,80.5,85.3,34.433,50.743,9.2,9.2,0
1,60,73,80.5,85.3,34.433,50.743,9.2,9.2,0
1,75,74,76,85.3,70.678,101.49,9.2,9.2,1.3
1,75,74,76,85.3,70.678,101.49,9.2,9.2,1.2
1,75,74,76,85.3,70.678,101.49,9.2,9.2,1
1,80,74,76,85.3,70.678,101.49,9.2,9.2,1
1,80,74,76,85.3,70.678,101.49,9.2,9.2,1.1
1,80,74,76,85.3,70.678,101.49,9.2,9.2,1.4
1,85,74,76,85.3,70.678,101.49,9.2,9.2,1.5
1,85,74,76,85.3,70.678,101.49,9.2,9.2,1.6
1,85,74,76,85.3,70.678,101.49,9.2,9.2,1.4
1,90,74,76,85.3,70.678,101.49,9.2,9.2,1.4
1,90,74,76,85.3,70.678,101.49,9.2,9.2,1.3
1,90,74,76,85.3,70.678,101.49,9.2,9.2,1.4
1,95,74,76,85.3,70.678,101.49,9.2,9.2,1.6
1,95,74,76,85.3,70.678,101.49,9.2,9.2,1.7
1,95,74,76,85.3,70.678,101.49,9.2,9.2,1.9
1,65,74,76,85.3,70.678,101.49,9.2,9.2,0
1,65,74,76,85.3,70.678,101.49,9.2,9.2,0
1,65,74,76,85.3,70.678,101.49,9.2,9.2,0
1,70,74,76,85.3,70.678,101.49,9.2,9.2,0
1,70,74,76,85.3,70.678,101.49,9.2,9.2,0
1,70,74,76,85.3,70.678,101.49,9.2,9.2,0
1,60,95,101.5,85.3,56.18,65.241,9.2,9.2,0.8
1,60,95,101.5,85.3,56.18,65.241,9.2,9.2,1
1,60,95,101.5,85.3,56.18,65.241,9.2,9.2,1.2
1,65,95,101.5,85.3,56.18,65.241,9.2,9.2,1.6
1,65,95,101.5,85.3,56.18,65.241,9.2,9.2,1.4
1,65,95,101.5,85.3,56.18,65.241,9.2,9.2,1.3
1,70,95,101.5,85.3,56.18,65.241,9.2,9.2,0.9
1,70,95,101.5,85.3,56.18,65.241,9.2,9.2,0.7
1,70,95,101.5,85.3,56.18,65.241,9.2,9.2,0
1,75,95,101.5,85.3,56.18,65.241,9.2,9.2,1.2
1,75,95,101.5,85.3,56.18,65.241,9.2,9.2,1.1
1,75,95,101.5,85.3,56.18,65.241,9.2,9.2,1
1,80,95,101.5,85.3,56.18,65.241,9.2,9.2,0.8
1,80,95,101.5,85.3,56.18,65.241,9.2,9.2,1
1,80,95,101.5,85.3,56.18,65.241,9.2,9.2,0.9
1,85,95,101.5,85.3,56.18,65.241,9.2,9.2,3.2
1,85,95,101.5,85.3,56.18,65.241,9.2,9.2,2.6
1,85,95,101.5,85.3,56.18,65.241,9.2,9.2,2
1,90,95,101.5,85.3,56.18,65.241,9.2,9.2,2.3
1,90,95,101.5,85.3,56.18,65.241,9.2,9.2,2.2
1,90,95,101.5,85.3,56.18,65.241,9.2,9.2,2
1,95,95,101.5,85.3,56.18,65.241,9.2,9.2,1.6
1,95,95,101.5,85.3,56.18,65.241,9.2,9.2,2
1,95,95,101.5,85.3,56.18,65.241,9.2,9.2,2.2
1,50,95,101.5,85.3,56.18,65.241,9.2,9.2,0
1,50,95,101.5,85.3,56.18,65.241,9.2,9.2,0
1,50,95,101.5,85.3,56.18,65.241,9.2,9.2,0
1,55,95,101.5,85.3,56.18,65.241,9.2,9.2,0
1,55,95,101.5,85.3,56.18,65.241,9.2,9.2,0
1,70,77,82,85.3,41.682,152.23,9.2,9.2,1.1
1,70,77,82,85.3,41.682,152.23,9.2,9.2,1
1,70,77,82,85.3,41.682,152.23,9.2,9.2,0.7
1,75,77,82,85.3,41.682,152.23,9.2,9.2,1.4
1,75,77,82,85.3,41.682,152.23,9.2,9.2,1.3
1,75,77,82,85.3,41.682,152.23,9.2,9.2,1.2
1,80,77,82,85.3,41.682,152.23,9.2,9.2,0.9
1,80,77,82,85.3,41.682,152.23,9.2,9.2,1.1
1,80,77,82,85.3,41.682,152.23,9.2,9.2,1
1,85,77,82,85.3,41.682,152.23,9.2,9.2,1.4
1,85,77,82,85.3,41.682,152.23,9.2,9.2,1.5
1,85,77,82,85.3,41.682,152.23,9.2,9.2,1.6
1,90,77,82,85.3,41.682,152.23,9.2,9.2,1.1
1,90,77,82,85.3,41.682,152.23,9.2,9.2,1.5
1,90,77,82,85.3,41.682,152.23,9.2,9.2,1.7
1,95,77,82,85.3,41.682,152.23,9.2,9.2,1.2
1,95,77,82,85.3,41.682,152.23,9.2,9.2,1.1
1,95,77,82,85.3,41.682,152.23,9.2,9.2,0.9
1,60,77,82,85.3,41.682,152.23,9.2,9.2,0
1,60,77,82,85.3,41.682,152.23,9.2,9.2,0
1,60,77,82,85.3,41.682,152.23,9.2,9.2,0
1,65,77,82,85.3,41.682,152.23,9.2,9.2,0
1,65,77,82,85.3,41.682,152.23,9.2,9.2,0
1,65,77,82,85.3,41.682,152.23,9.2,9.2,0
1,105,132.5,138,141.67,106.92,130.48,9.2,11.5,0.8
1,105,132.5,138,141.67,106.92,130.48,9.2,11.5,0.7
1,105,132.5,138,141.67,106.92,130.48,9.2,11.5,0.1
1,110,132.5,138,141.67,106.92,130.48,9.2,11.5,1
1,110,132.5,138,141.67,106.92,130.48,9.2,11.5,1.4
1,110,132.5,138,141.67,106.92,130.48,9.2,11.5,1.3
1,115,132.5,138,141.67,106.92,130.48,9.2,11.5,1.2
1,115,132.5,138,141.67,106.92,130.48,9.2,11.5,1.1
1,115,132.5,138,141.67,106.92,130.48,9.2,11.5,1
1,120,132.5,138,141.67,106.92,130.48,9.2,11.5,0.1
1,120,132.5,138,141.67,106.92,130.48,9.2,11.5,1.1
1,120,132.5,138,141.67,106.92,130.48,9.2,11.5,1.2
1,125,132.5,138,141.67,106.92,130.48,9.2,11.5,1.5
1,125,132.5,138,141.67,106.92,130.48,9.2,11.5,1.3
1,125,132.5,138,141.67,106.92,130.48,9.2,11.5,1.6
1,130,132.5,138,141.67,106.92,130.48,9.2,11.5,1.1
1,130,132.5,138,141.67,106.92,130.48,9.2,11.5,1.4
1,130,132.5,138,141.67,106.92,130.48,9.2,11.5,1.3
1,135,132.5,138,141.67,106.92,130.48,9.2,11.5,1.6
1,135,132.5,138,141.67,106.92,130.48,9.2,11.5,1.3
1,135,132.5,138,141.67,106.92,130.48,9.2,11.5,1.1
1,140,132.5,138,141.67,106.92,130.48,9.2,11.5,1.2
1,140,132.5,138,141.67,106.92,130.48,9.2,11.5,1.4
1,140,132.5,138,141.67,106.92,130.48,9.2,11.5,1.6
1,145,132.5,138,141.67,106.92,130.48,9.2,11.5,1.9
1,145,132.5,138,141.67,106.92,130.48,9.2,11.5,1.7
1,145,132.5,138,141.67,106.92,130.48,9.2,11.5,1.6
1,150,132.5,138,141.67,106.92,130.48,9.2,11.5,2.4
1,150,132.5,138,141.67,106.92,130.48,9.2,11.5,2.1
1,150,132.5,138,141.67,106.92,130.48,9.2,11.5,1.7
1,95,132.5,138,141.67,106.92,130.48,9.2,11.5,0
1,95,132.5,138,141.67,106.92,130.48,9.2,11.5,0
1,95,132.5,138,141.67,106.92,130.48,9.2,11.5,0
1,100,132.5,138,141.67,106.92,130.48,9.2,11.5,0
1,100,132.5,138,141.67,106.92,130.48,9.2,11.5,0
1,100,132.5,138,141.67,106.92,130.48,9.2,11.5,0
1,120,138.5,143,141.67,50.743,74.302,9.2,11.5,0.8
1,120,138.5,143,141.67,50.743,74.302,9.2,11.5,1.3
1,120,138.5,143,141.67,50.743,74.302,9.2,11.5,1.4
1,125,138.5,143,141.67,50.743,74.302,9.2,11.5,0.8
1,125,138.5,143,141.67,50.743,74.302,9.2,11.5,0.9
1,125,138.5,143,141.67,50.743,74.302,9.2,11.5,1
1,130,138.5,143,141.67,50.743,74.302,9.2,11.5,1.6
1,130,138.5,143,141.67,50.743,74.302,9.2,11.5,1.3
1,130,138.5,143,141.67,50.743,74.302,9.2,11.5,1.1
1,135,138.5,143,141.67,50.743,74.302,9.2,11.5,1
1,135,138.5,143,141.67,50.743,74.302,9.2,11.5,0.9
1,135,138.5,143,141.67,50.743,74.302,9.2,11.5,0.8
1,140,138.5,143,141.67,50.743,74.302,9.2,11.5,1.9
1,140,138.5,143,141.67,50.743,74.302,9.2,11.5,1.7
1,140,138.5,143,141.67,50.743,74.302,9.2,11.5,1.4
1,145,138.5,143,141.67,50.743,74.302,9.2,11.5,0.9
1,145,138.5,143,141.67,50.743,74.302,9.2,11.5,1.2
1,145,138.5,143,141.67,50.743,74.302,9.2,11.5,1.3
1,150,138.5,143,141.67,50.743,74.302,9.2,11.5,1.3
1,150,138.5,143,141.67,50.743,74.302,9.2,11.5,1.1
1,150,138.5,143,141.67,50.743,74.302,9.2,11.5,1
1,110,138.5,143,141.67,50.743,74.302,9.2,11.5,0
1,110,138.5,143,141.67,50.743,74.302,9.2,11.5,0
1,110,138.5,143,141.67,50.743,74.302,9.2,11.5,0
1,115,138.5,143,141.67,50.743,74.302,9.2,11.5,0
1,115,138.5,143,141.67,50.743,74.302,9.2,11.5,0
1,115,138.5,143,141.67,50.743,74.302,9.2,11.5,0
1,115,141.5,144,141.67,50.743,61.617,9.2,11.5,1.2
1,115,141.5,144,141.67,50.743,61.617,9.2,11.5,1.4
1,115,141.5,144,141.67,50.743,61.617,9.2,11.5,1.2
1,120,141.5,144,141.67,50.743,61.617,9.2,11.5,1.3
1,120,141.5,144,141.67,50.743,61.617,9.2,11.5,1.2
1,120,141.5,144,141.67,50.743,61.617,9.2,11.5,0.8
1,125,141.5,144,141.67,50.743,61.617,9.2,11.5,1.2
1,125,141.5,144,141.67,50.743,61.617,9.2,11.5,1.4
1,125,141.5,144,141.67,50.743,61.617,9.2,11.5,1.2
1,130,141.5,144,141.67,50.743,61.617,9.2,11.5,1.6
1,130,141.5,144,141.67,50.743,61.617,9.2,11.5,1.5
1,130,141.5,144,141.67,50.743,61.617,9.2,11.5,1.2
1,135,141.5,144,141.67,50.743,61.617,9.2,11.5,1.1
1,135,141.5,144,141.67,50.743,61.617,9.2,11.5,1.2
1,135,141.5,144,141.67,50.743,61.617,9.2,11.5,1.3
1,140,141.5,144,141.67,50.743,61.617,9.2,11.5,1.8
1,140,141.5,144,141.67,50.743,61.617,9.2,11.5,1.7
1,140,141.5,144,141.67,50.743,61.617,9.2,11.5,1.4
1,145,141.5,144,141.67,50.743,61.617,9.2,11.5,0.8
1,145,141.5,144,141.67,50.743,61.617,9.2,11.5,0.9
1,145,141.5,144,141.67,50.743,61.617,9.2,11.5,1
1,150,141.5,144,141.67,50.743,61.617,9.2,11.5,1.2
1,150,141.5,144,141.67,50.743,61.617,9.2,11.5,1.3
1,150,141.5,144,141.67,50.743,61.617,9.2,11.5,1.2
1,105,141.5,144,141.67,50.743,61.617,9.2,11.5,0
1,105,141.5,144,141.67,50.743,61.617,9.2,11.5,0
1,105,141.5,144,141.67,50.743,61.617,9.2,11.5,0
1,110,141.5,144,141.67,50.743,61.617,9.2,11.5,0
1,110,141.5,144,141.67,50.743,61.617,9.2,11.5,0
1,110,141.5,144,141.67,50.743,61.617,9.2,11.5,0
1,85,100,106.5,93.625,43.494,96.049,9.2,16.1,0.8
1,85,100,106.5,93.625,43.494,96.049,9.2,16.1,0.9
1,85,100,106.5,93.625,43.494,96.049,9.2,16.1,0.8
1,90,100,106.5,93.625,43.494,96.049,9.2,16.1,0.1
1,90,100,106.5,93.625,43.494,96.049,9.2,16.1,1.3
1,90,100,106.5,93.625,43.494,96.049,9.2,16.1,1.6
1,95,100,106.5,93.625,43.494,96.049,9.2,16.1,0.1
1,95,100,106.5,93.625,43.494,96.049,9.2,16.1,1
1,95,100,106.5,93.625,43.494,96.049,9.2,16.1,1.3
1,100,100,106.5,93.625,43.494,96.049,9.2,16.1,2.4
1,100,100,106.5,93.625,43.494,96.049,9.2,16.1,2.1
1,100,100,106.5,93.625,43.494,96.049,9.2,16.1,1.9
1,105,100,106.5,93.625,43.494,96.049,9.2,16.1,1.4
1,105,100,106.5,93.625,43.494,96.049,9.2,16.1,1.2
1,105,100,106.5,93.625,43.494,96.049,9.2,16.1,1.1
1,75,100,106.5,93.625,43.494,96.049,9.2,16.1,0
1,75,100,106.5,93.625,43.494,96.049,9.2,16.1,0
1,75,100,106.5,93.625,43.494,96.049,9.2,16.1,0
1,80,100,106.5,93.625,43.494,96.049,9.2,16.1,0
1,80,100,106.5,93.625,43.494,96.049,9.2,16.1,0
1,80,100,106.5,93.625,43.494,96.049,9.2,16.1,0
1,75,91,96.5,93.625,50.743,101.49,9.2,16.1,0
1,75,91,96.5,93.625,50.743,101.49,9.2,16.1,0
1,75,91,96.5,93.625,50.743,101.49,9.2,16.1,0
1,80,91,96.5,93.625,50.743,101.49,9.2,16.1,0
1,80,91,96.5,93.625,50.743,101.49,9.2,16.1,0
1,85,91,96.5,93.625,50.743,101.49,9.2,16.1,0.9
1,85,91,96.5,93.625,50.743,101.49,9.2,16.1,0.8
1,85,91,96.5,93.625,50.743,101.49,9.2,16.1,0.7
1,90,91,96.5,93.625,50.743,101.49,9.2,16.1,1.1
1,90,91,96.5,93.625,50.743,101.49,9.2,16.1,1
1,90,91,96.5,93.625,50.743,101.49,9.2,16.1,0.8
1,95,91,96.5,93.625,50.743,101.49,9.2,16.1,1.7
1,95,91,96.5,93.625,50.743,101.49,9.2,16.1,1.6
1,95,91,96.5,93.625,50.743,101.49,9.2,16.1,1.4
1,100,91,96.5,93.625,50.743,101.49,9.2,16.1,0.8
1,100,91,96.5,93.625,50.743,101.49,9.2,16.1,1.2
1,100,91,96.5,93.625,50.743,101.49,9.2,16.1,1.6
1,105,91,96.5,93.625,50.743,101.49,9.2,16.1,1
1,105,91,96.5,93.625,50.743,101.49,9.2,16.1,2
1,105,91,96.5,93.625,50.743,101.49,9.2,16.1,2.5
1,75,89,93.5,93.625,54.368,99.674,9.2,16.1,0
1,75,89,93.5,93.625,54.368,99.674,9.2,16.1,0
1,75,89,93.5,93.625,54.368,99.674,9.2,16.1,0
1,80,89,93.5,93.625,54.368,99.674,9.2,16.1,0
1,80,89,93.5,93.625,54.368,99.674,9.2,16.1,0
1,80,89,93.5,93.625,54.368,99.674,9.2,16.1,0
1,85,89,93.5,93.625,54.368,99.674,9.2,16.1,1.5
1,85,89,93.5,93.625,54.368,99.674,9.2,16.1,1.4
1,85,89,93.5,93.625,54.368,99.674,9.2,16.1,1.9
1,90,89,93.5,93.625,54.368,99.674,9.2,16.1,0.9
1,90,89,93.5,93.625,54.368,99.674,9.2,16.1,1.5
1,90,89,93.5,93.625,54.368,99.674,9.2,16.1,2.1
1,95,89,93.5,93.625,54.368,99.674,9.2,16.1,0.8
1,95,89,93.5,93.625,54.368,99.674,9.2,16.1,1.2
1,95,89,93.5,93.625,54.368,99.674,9.2,16.1,1.3
1,100,89,93.5,93.625,54.368,99.674,9.2,16.1,1.1
1,100,89,93.5,93.625,54.368,99.674,9.2,16.1,1.5
1,100,89,93.5,93.625,54.368,99.674,9.2,16.1,1.3
1,105,89,93.5,93.625,54.368,99.674,9.2,16.1,1.8
1,105,89,93.5,93.625,54.368,99.674,9.2,16.1,1.6
1,105,89,93.5,93.625,54.368,99.674,9.2,16.1,1.3
1,55,78,78,93.625,34.433,103.3,9.2,16.1,0
1,55,78,78,93.625,34.433,103.3,9.2,16.1,0
1,55,78,78,93.625,34.433,103.3,9.2,16.1,0
1,60,78,78,93.625,34.433,103.3,9.2,16.1,0
1,60,78,78,93.625,34.433,103.3,9.2,16.1,0
1,60,78,78,93.625,34.433,103.3,9.2,16.1,0
1,65,78,78,93.625,34.433,103.3,9.2,16.1,1.7
1,65,78,78,93.625,34.433,103.3,9.2,16.1,1.3
1,65,78,78,93.625,34.433,103.3,9.2,16.1,1
1,70,78,78,93.625,34.433,103.3,9.2,16.1,0.8
1,70,78,78,93.625,34.433,103.3,9.2,16.1,1.1
1,70,78,78,93.625,34.433,103.3,9.2,16.1,0
1,75,78,78,93.625,34.433,103.3,9.2,16.1,0.8
1,75,78,78,93.625,34.433,103.3,9.2,16.1,1
1,75,78,78,93.625,34.433,103.3,9.2,16.1,1.3
1,80,78,78,93.625,34.433,103.3,9.2,16.1,0.8
1,80,78,78,93.625,34.433,103.3,9.2,16.1,1.2
1,80,78,78,93.625,34.433,103.3,9.2,16.1,1
1,85,78,78,93.625,34.433,103.3,9.2,16.1,1
1,85,78,78,93.625,34.433,103.3,9.2,16.1,1.3
1,85,78,78,93.625,34.433,103.3,9.2,16.1,1.5
1,90,78,78,93.625,34.433,103.3,9.2,16.1,0.8
1,90,78,78,93.625,34.433,103.3,9.2,16.1,1.2
1,90,78,78,93.625,34.433,103.3,9.2,16.1,1.5
1,95,78,78,93.625,34.433,103.3,9.2,16.1,1.1
1,95,78,78,93.625,34.433,103.3,9.2,16.1,0.9
1,95,78,78,93.625,34.433,103.3,9.2,16.1,1
1,100,78,78,93.625,34.433,103.3,9.2,16.1,1.4
1,100,78,78,93.625,34.433,103.3,9.2,16.1,1.6
1,100,78,78,93.625,34.433,103.3,9.2,16.1,1.8
1,105,78,78,93.625,34.433,103.3,9.2,16.1,1.9
1,105,78,78,93.625,34.433,103.3,9.2,16.1,1.6
1,105,78,78,93.625,34.433,103.3,9.2,16.1,1.5
1,60,110.5,112.5,91.6,65.241,76.115,10.4,12.7,0
1,60,110.5,112.5,91.6,65.241,76.115,10.4,12.7,0
1,60,110.5,112.5,91.6,65.241,76.115,10.4,12.7,0
1,65,110.5,112.5,91.6,65.241,76.115,10.4,12.7,0
1,65,110.5,112.5,91.6,65.241,76.115,10.4,12.7,0
1,65,110.5,112.5,91.6,65.241,76.115,10.4,12.7,0
1,70,110.5,112.5,91.6,65.241,76.115,10.4,12.7,1
1,70,110.5,112.5,91.6,65.241,76.115,10.4,12.7,1.1
1,70,110.5,112.5,91.6,65.241,76.115,10.4,12.7,0
1,75,110.5,112.5,91.6,65.241,76.115,10.4,12.7,0.7
1,75,110.5,112.5,91.6,65.241,76.115,10.4,12.7,0.8
1,75,110.5,112.5,91.6,65.241,76.115,10.4,12.7,0.1
1,80,110.5,112.5,91.6,65.241,76.115,10.4,12.7,0.8
1,80,110.5,112.5,91.6,65.241,76.115,10.4,12.7,1.1
1,80,110.5,112.5,91.6,65.241,76.115,10.4,12.7,1.3
1,85,110.5,112.5,91.6,65.241,76.115,10.4,12.7,0.9
1,85,110.5,112.5,91.6,65.241,76.115,10.4,12.7,1.4
1,85,110.5,112.5,91.6,65.241,76.115,10.4,12.7,2.1
1,90,110.5,112.5,91.6,65.241,76.115,10.4,12.7,1.1
1,90,110.5,112.5,91.6,65.241,76.115,10.4,12.7,1.3
1,90,110.5,112.5,91.6,65.241,76.115,10.4,12.7,1.2
1,95,110.5,112.5,91.6,65.241,76.115,10.4,12.7,1.8
1,95,110.5,112.5,91.6,65.241,76.115,10.4,12.7,1.4
1,95,110.5,112.5,91.6,65.241,76.115,10.4,12.7,1.2
1,100,110.5,112.5,91.6,65.241,76.115,10.4,12.7,1.6
1,100,110.5,112.5,91.6,65.241,76.115,10.4,12.7,1.5
1,100,110.5,112.5,91.6,65.241,76.115,10.4,12.7,1.7
1,105,110.5,112.5,91.6,65.241,76.115,10.4,12.7,2
1,105,110.5,112.5,91.6,65.241,76.115,10.4,12.7,2.5
1,105,110.5,112.5,91.6,65.241,76.115,10.4,12.7,2.3
1,110,110.5,112.5,91.6,65.241,76.115,10.4,12.7,2.4
1,110,110.5,112.5,91.6,65.241,76.115,10.4,12.7,3.1
1,110,110.5,112.5,91.6,65.241,76.115,10.4,12.7,3
1,115,110.5,112.5,91.6,65.241,76.115,10.4,12.7,1.9
1,115,110.5,112.5,91.6,65.241,76.115,10.4,12.7,2.1
1,115,110.5,112.5,91.6,65.241,76.115,10.4,12.7,2.7
1,120,110.5,112.5,91.6,65.241,76.115,10.4,12.7,2.9
1,120,110.5,112.5,91.6,65.241,76.115,10.4,12.7,3.7
1,120,110.5,112.5,91.6,65.241,76.115,10.4,12.7,2.9
1,125,110.5,112.5,91.6,65.241,76.115,10.4,12.7,2.9
1,125,110.5,112.5,91.6,65.241,76.115,10.4,12.7,3.3
1,125,110.5,112.5,91.6,65.241,76.115,10.4,12.7,3.2
1,50,70,72.5,91.6,70.678,94.237,10.4,12.7,0
1,50,70,72.5,91.6,70.678,94.237,10.4,12.7,0
1,50,70,72.5,91.6,70.678,94.237,10.4,12.7,0
1,55,70,72.5,91.6,70.678,94.237,10.4,12.7,0
1,55,70,72.5,91.6,70.678,94.237,10.4,12.7,0
1,55,70,72.5,91.6,70.678,94.237,10.4,12.7,0
1,60,70,72.5,91.6,70.678,94.237,10.4,12.7,2
1,60,70,72.5,91.6,70.678,94.237,10.4,12.7,1.9
1,60,70,72.5,91.6,70.678,94.237,10.4,12.7,1.6
1,65,70,72.5,91.6,70.678,94.237,10.4,12.7,0.8
1,65,70,72.5,91.6,70.678,94.237,10.4,12.7,0.9
1,65,70,72.5,91.6,70.678,94.237,10.4,12.7,1
1,70,70,72.5,91.6,70.678,94.237,10.4,12.7,1.3
1,70,70,72.5,91.6,70.678,94.237,10.4,12.7,1.2
1,70,70,72.5,91.6,70.678,94.237,10.4,12.7,1.4
1,75,70,72.5,91.6,70.678,94.237,10.4,12.7,0.9
1,75,70,72.5,91.6,70.678,94.237,10.4,12.7,1.1
1,75,70,72.5,91.6,70.678,94.237,10.4,12.7,1
1,80,70,72.5,91.6,70.678,94.237,10.4,12.7,1.7
1,80,70,72.5,91.6,70.678,94.237,10.4,12.7,1.5
1,80,70,72.5,91.6,70.678,94.237,10.4,12.7,1.4
1,85,70,72.5,91.6,70.678,94.237,10.4,12.7,1.5
1,85,70,72.5,91.6,70.678,94.237,10.4,12.7,1.7
1,85,70,72.5,91.6,70.678,94.237,10.4,12.7,2
1,90,70,72.5,91.6,70.678,94.237,10.4,12.7,2.2
1,90,70,72.5,91.6,70.678,94.237,10.4,12.7,2
1,90,70,72.5,91.6,70.678,94.237,10.4,12.7,2.4
1,95,70,72.5,91.6,70.678,94.237,10.4,12.7,3.1
1,95,70,72.5,91.6,70.678,94.237,10.4,12.7,3.3
1,95,70,72.5,91.6,70.678,94.237,10.4,12.7,3.4
1,100,70,72.5,91.6,70.678,94.237,10.4,12.7,2.2
1,100,70,72.5,91.6,70.678,94.237,10.4,12.7,2
1,100,70,72.5,91.6,70.678,94.237,10.4,12.7,2.2
1,40,88.5,93.5,91.6,63.429,85.176,10.4,12.7,0
1,40,88.5,93.5,91.6,63.429,85.176,10.4,12.7,0
1,40,88.5,93.5,91.6,63.429,85.176,10.4,12.7,0
1,45,88.5,93.5,91.6,63.429,85.176,10.4,12.7,0
1,45,88.5,93.5,91.6,63.429,85.176,10.4,12.7,0
1,45,88.5,93.5,91.6,63.429,85.176,10.4,12.7,0
1,50,88.5,93.5,91.6,63.429,85.176,10.4,12.7,0.7
1,50,88.5,93.5,91.6,63.429,85.176,10.4,12.7,0.8
1,50,88.5,93.5,91.6,63.429,85.176,10.4,12.7,0.1
1,55,88.5,93.5,91.6,63.429,85.176,10.4,12.7,0.8
1,55,88.5,93.5,91.6,63.429,85.176,10.4,12.7,1.1
1,55,88.5,93.5,91.6,63.429,85.176,10.4,12.7,1.2
1,60,88.5,93.5,91.6,63.429,85.176,10.4,12.7,0.8
1,60,88.5,93.5,91.6,63.429,85.176,10.4,12.7,1.1
1,60,88.5,93.5,91.6,63.429,85.176,10.4,12.7,0
1,65,88.5,93.5,91.6,63.429,85.176,10.4,12.7,0.1
1,65,88.5,93.5,91.6,63.429,85.176,10.4,12.7,0.8
1,65,88.5,93.5,91.6,63.429,85.176,10.4,12.7,1.2
1,70,88.5,93.5,91.6,63.429,85.176,10.4,12.7,0.7
1,70,88.5,93.5,91.6,63.429,85.176,10.4,12.7,1
1,70,88.5,93.5,91.6,63.429,85.176,10.4,12.7,1.1
1,75,88.5,93.5,91.6,63.429,85.176,10.4,12.7,2.2
1,75,88.5,93.5,91.6,63.429,85.176,10.4,12.7,2
1,75,88.5,93.5,91.6,63.429,85.176,10.4,12.7,1.9
1,80,88.5,93.5,91.6,63.429,85.176,10.4,12.7,1.6
1,80,88.5,93.5,91.6,63.429,85.176,10.4,12.7,1.5
1,80,88.5,93.5,91.6,63.429,85.176,10.4,12.7,1.2
1,85,88.5,93.5,91.6,63.429,85.176,10.4,12.7,1.9
1,85,88.5,93.5,91.6,63.429,85.176,10.4,12.7,2
1,85,88.5,93.5,91.6,63.429,85.176,10.4,12.7,2.3
1,90,88.5,93.5,91.6,63.429,85.176,10.4,12.7,1.5
1,90,88.5,93.5,91.6,63.429,85.176,10.4,12.7,1.4
1,90,88.5,93.5,91.6,63.429,85.176,10.4,12.7,1.9
1,95,88.5,93.5,91.6,63.429,85.176,10.4,12.7,3.2
1,95,88.5,93.5,91.6,63.429,85.176,10.4,12.7,2.8
1,95,88.5,93.5,91.6,63.429,85.176,10.4,12.7,2.5
1,100,88.5,93.5,91.6,63.429,85.176,10.4,12.7,2.8
1,100,88.5,93.5,91.6,63.429,85.176,10.4,12.7,3.1
1,100,88.5,93.5,91.6,63.429,85.176,10.4,12.7,3.5
1,65,89.5,94.5,91.6,27.184,88.8,10.4,12.7,0
1,65,89.5,94.5,91.6,27.184,88.8,10.4,12.7,0
1,65,89.5,94.5,91.6,27.184,88.8,10.4,12.7,0
1,70,89.5,94.5,91.6,27.184,88.8,10.4,12.7,0
1,70,89.5,94.5,91.6,27.184,88.8,10.4,12.7,0
1,70,89.5,94.5,91.6,27.184,88.8,10.4,12.7,0
1,75,89.5,94.5,91.6,27.184,88.8,10.4,12.7,0.8
1,75,89.5,94.5,91.6,27.184,88.8,10.4,12.7,1.3
1,75,89.5,94.5,91.6,27.184,88.8,10.4,12.7,2.1
1,80,89.5,94.5,91.6,27.184,88.8,10.4,12.7,0.8
1,80,89.5,94.5,91.6,27.184,88.8,10.4,12.7,0.9
1,80,89.5,94.5,91.6,27.184,88.8,10.4,12.7,0.8
1,85,89.5,94.5,91.6,27.184,88.8,10.4,12.7,1.1
1,85,89.5,94.5,91.6,27.184,88.8,10.4,12.7,1
1,85,89.5,94.5,91.6,27.184,88.8,10.4,12.7,0
1,90,89.5,94.5,91.6,27.184,88.8,10.4,12.7,0.7
1,90,89.5,94.5,91.6,27.184,88.8,10.4,12.7,0.8
1,90,89.5,94.5,91.6,27.184,88.8,10.4,12.7,0.9
1,95,89.5,94.5,91.6,27.184,88.8,10.4,12.7,1.3
1,95,89.5,94.5,91.6,27.184,88.8,10.4,12.7,1.7
1,95,89.5,94.5,91.6,27.184,88.8,10.4,12.7,1.8
1,100,89.5,94.5,91.6,27.184,88.8,10.4,12.7,2.1
1,100,89.5,94.5,91.6,27.184,88.8,10.4,12.7,2.3
1,100,89.5,94.5,91.6,27.184,88.8,10.4,12.7,2.2
1,105,89.5,94.5,91.6,27.184,88.8,10.4,12.7,1.9
1,105,89.5,94.5,91.6,27.184,88.8,10.4,12.7,1.6
1,105,89.5,94.5,91.6,27.184,88.8,10.4,12.7,1.7
1,65,78,85,91.6,61.617,92.425,10.4,12.7,0
1,65,78,85,91.6,61.617,92.425,10.4,12.7,0
1,65,78,85,91.6,61.617,92.425,10.4,12.7,0
1,70,78,85,91.6,61.617,92.425,10.4,12.7,0
1,70,78,85,91.6,61.617,92.425,10.4,12.7,0
1,70,78,85,91.6,61.617,92.425,10.4,12.7,0
1,75,78,85,91.6,61.617,92.425,10.4,12.7,1.3
1,75,78,85,91.6,61.617,92.425,10.4,12.7,2.8
1,75,78,85,91.6,61.617,92.425,10.4,12.7,2
1,80,78,85,91.6,61.617,92.425,10.4,12.7,1.4
1,80,78,85,91.6,61.617,92.425,10.4,12.7,1.5
1,80,78,85,91.6,61.617,92.425,10.4,12.7,1.4
1,85,78,85,91.6,61.617,92.425,10.4,12.7,1.4
1,85,78,85,91.6,61.617,92.425,10.4,12.7,1.2
1,85,78,85,91.6,61.617,92.425,10.4,12.7,1.1
1,90,78,85,91.6,61.617,92.425,10.4,12.7,0.8
1,90,78,85,91.6,61.617,92.425,10.4,12.7,1.1
1,90,78,85,91.6,61.617,92.425,10.4,12.7,1.2
1,95,78,85,91.6,61.617,92.425,10.4,12.7,1.5
1,95,78,85,91.6,61.617,92.425,10.4,12.7,1.6
1,95,78,85,91.6,61.617,92.425,10.4,12.7,1.4
1,100,78,85,91.6,61.617,92.425,10.4,12.7,2.1
1,100,78,85,91.6,61.617,92.425,10.4,12.7,2.2
1,100,78,85,91.6,61.617,92.425,10.4,12.7,1.9
1,100,125.5,130.5,123,38.057,83.364,5.8,6.9,0
1,100,125.5,130.5,123,38.057,83.364,5.8,6.9,0
1,100,125.5,130.5,123,38.057,83.364,5.8,6.9,0
1,105,125.5,130.5,123,38.057,83.364,5.8,6.9,0
1,105,125.5,130.5,123,38.057,83.364,5.8,6.9,0
1,105,125.5,130.5,123,38.057,83.364,5.8,6.9,0
1,110,125.5,130.5,123,38.057,83.364,5.8,6.9,0.7
1,110,125.5,130.5,123,38.057,83.364,5.8,6.9,0.8
1,110,125.5,130.5,123,38.057,83.364,5.8,6.9,0.1
1,115,125.5,130.5,123,38.057,83.364,5.8,6.9,1.3
1,115,125.5,130.5,123,38.057,83.364,5.8,6.9,1.2
1,115,125.5,130.5,123,38.057,83.364,5.8,6.9,1.1
1,120,125.5,130.5,123,38.057,83.364,5.8,6.9,1.3
1,120,125.5,130.5,123,38.057,83.364,5.8,6.9,1
1,120,125.5,130.5,123,38.057,83.364,5.8,6.9,0.9
1,125,125.5,130.5,123,38.057,83.364,5.8,6.9,0.7
1,125,125.5,130.5,123,38.057,83.364,5.8,6.9,0.8
1,125,125.5,130.5,123,38.057,83.364,5.8,6.9,1
1,130,125.5,130.5,123,38.057,83.364,5.8,6.9,1.5
1,130,125.5,130.5,123,38.057,83.364,5.8,6.9,1.3
1,130,125.5,130.5,123,38.057,83.364,5.8,6.9,1.1
1,135,125.5,130.5,123,38.057,83.364,5.8,6.9,1.9
1,135,125.5,130.5,123,38.057,83.364,5.8,6.9,1.8
1,135,125.5,130.5,123,38.057,83.364,5.8,6.9,1.5
1,110,123,126,123,67.053,86.988,5.8,6.9,0
1,110,123,126,123,67.053,86.988,5.8,6.9,0
1,110,123,126,123,67.053,86.988,5.8,6.9,0
1,115,123,126,123,67.053,86.988,5.8,6.9,0
1,115,123,126,123,67.053,86.988,5.8,6.9,0
1,120,123,126,123,67.053,86.988,5.8,6.9,2
1,120,123,126,123,67.053,86.988,5.8,6.9,1.8
1,120,123,126,123,67.053,86.988,5.8,6.9,1.7
1,125,123,126,123,67.053,86.988,5.8,6.9,1.4
1,125,123,126,123,67.053,86.988,5.8,6.9,1.2
1,125,123,126,123,67.053,86.988,5.8,6.9,1
1,130,123,126,123,67.053,86.988,5.8,6.9,1.2
1,130,123,126,123,67.053,86.988,5.8,6.9,1
1,130,123,126,123,67.053,86.988,5.8,6.9,0.9
1,135,123,126,123,67.053,86.988,5.8,6.9,1
1,135,123,126,123,67.053,86.988,5.8,6.9,0.9
1,135,123,126,123,67.053,86.988,5.8,6.9,0.8
1,105,128,131.5,123,30.808,68.866,5.8,6.9,0
1,105,128,131.5,123,30.808,68.866,5.8,6.9,0
1,105,128,131.5,123,30.808,68.866,5.8,6.9,0
1,110,128,131.5,123,30.808,68.866,5.8,6.9,0
1,110,128,131.5,123,30.808,68.866,5.8,6.9,0
1,110,128,131.5,123,30.808,68.866,5.8,6.9,0
1,115,128,131.5,123,30.808,68.866,5.8,6.9,0.7
1,115,128,131.5,123,30.808,68.866,5.8,6.9,0.9
1,115,128,131.5,123,30.808,68.866,5.8,6.9,0.8
1,120,128,131.5,123,30.808,68.866,5.8,6.9,0.7
1,120,128,131.5,123,30.808,68.866,5.8,6.9,1
1,120,128,131.5,123,30.808,68.866,5.8,6.9,1.3
1,125,128,131.5,123,30.808,68.866,5.8,6.9,1.4
1,125,128,131.5,123,30.808,68.866,5.8,6.9,1.8
1,125,128,131.5,123,30.808,68.866,5.8,6.9,2
1,130,128,131.5,123,30.808,68.866,5.8,6.9,1.5
1,130,128,131.5,123,30.808,68.866,5.8,6.9,1.3
1,130,128,131.5,123,30.808,68.866,5.8,6.9,1.1
1,135,128,131.5,123,30.808,68.866,5.8,6.9,0.8
1,135,128,131.5,123,30.808,68.866,5.8,6.9,1
1,135,128,131.5,123,30.808,68.866,5.8,6.9,1.3
1,95,98,103,123,52.555,103.3,5.8,6.9,0
1,95,98,103,123,52.555,103.3,5.8,6.9,0
1,95,98,103,123,52.555,103.3,5.8,6.9,0
1,100,98,103,123,52.555,103.3,5.8,6.9,0
1,100,98,103,123,52.555,103.3,5.8,6.9,0
1,100,98,103,123,52.555,103.3,5.8,6.9,0
1,105,98,103,123,52.555,103.3,5.8,6.9,1.3
1,105,98,103,123,52.555,103.3,5.8,6.9,1.4
1,105,98,103,123,52.555,103.3,5.8,6.9,1
1,110,98,103,123,52.555,103.3,5.8,6.9,0.8
1,110,98,103,123,52.555,103.3,5.8,6.9,1
1,110,98,103,123,52.555,103.3,5.8,6.9,1.1
1,115,98,103,123,52.555,103.3,5.8,6.9,1.5
1,115,98,103,123,52.555,103.3,5.8,6.9,1.3
1,115,98,103,123,52.555,103.3,5.8,6.9,1.2
1,120,98,103,123,52.555,103.3,5.8,6.9,1.5
1,120,98,103,123,52.555,103.3,5.8,6.9,1.3
1,120,98,103,123,52.555,103.3,5.8,6.9,1.1
1,125,98,103,123,52.555,103.3,5.8,6.9,1.2
1,125,98,103,123,52.555,103.3,5.8,6.9,1.3
1,125,98,103,123,52.555,103.3,5.8,6.9,1.4
1,130,98,103,123,52.555,103.3,5.8,6.9,1.2
1,130,98,103,123,52.555,103.3,5.8,6.9,1.1
1,130,98,103,123,52.555,103.3,5.8,6.9,0.8
1,135,98,103,123,52.555,103.3,5.8,6.9,1
1,135,98,103,123,52.555,103.3,5.8,6.9,1.3
1,135,98,103,123,52.555,103.3,5.8,6.9,1.4
1,55,105.5,110,103.1,36.245,65.241,3.5,6.9,0
1,55,105.5,110,103.1,36.245,65.241,3.5,6.9,0
1,55,105.5,110,103.1,36.245,65.241,3.5,6.9,0
1,60,105.5,110,103.1,36.245,65.241,3.5,6.9,0
1,60,105.5,110,103.1,36.245,65.241,3.5,6.9,0
1,60,105.5,110,103.1,36.245,65.241,3.5,6.9,0
1,65,105.5,110,103.1,36.245,65.241,3.5,6.9,0
1,65,105.5,110,103.1,36.245,65.241,3.5,6.9,0.1
1,65,105.5,110,103.1,36.245,65.241,3.5,6.9,0
1,70,105.5,110,103.1,36.245,65.241,3.5,6.9,0
1,70,105.5,110,103.1,36.245,65.241,3.5,6.9,0.1
1,70,105.5,110,103.1,36.245,65.241,3.5,6.9,0
1,75,105.5,110,103.1,36.245,65.241,3.5,6.9,0.1
1,75,105.5,110,103.1,36.245,65.241,3.5,6.9,1
1,75,105.5,110,103.1,36.245,65.241,3.5,6.9,1.2
1,80,105.5,110,103.1,36.245,65.241,3.5,6.9,1.4
1,80,105.5,110,103.1,36.245,65.241,3.5,6.9,1.2
1,80,105.5,110,103.1,36.245,65.241,3.5,6.9,1.1
1,85,105.5,110,103.1,36.245,65.241,3.5,6.9,1.2
1,85,105.5,110,103.1,36.245,65.241,3.5,6.9,1.3
1,85,105.5,110,103.1,36.245,65.241,3.5,6.9,1.6
1,90,105.5,110,103.1,36.245,65.241,3.5,6.9,0.7
1,90,105.5,110,103.1,36.245,65.241,3.5,6.9,1.1
1,90,105.5,110,103.1,36.245,65.241,3.5,6.9,1.4
1,95,105.5,110,103.1,36.245,65.241,3.5,6.9,0.1
1,95,105.5,110,103.1,36.245,65.241,3.5,6.9,0.7
1,95,105.5,110,103.1,36.245,65.241,3.5,6.9,0.9
1,100,105.5,110,103.1,36.245,65.241,3.5,6.9,0.7
1,100,105.5,110,103.1,36.245,65.241,3.5,6.9,0.8
1,100,105.5,110,103.1,36.245,65.241,3.5,6.9,1.2
1,105,105.5,110,103.1,36.245,65.241,3.5,6.9,1.3
1,105,105.5,110,103.1,36.245,65.241,3.5,6.9,1.1
1,105,105.5,110,103.1,36.245,65.241,3.5,6.9,0.8
1,110,105.5,110,103.1,36.245,65.241,3.5,6.9,1.3
1,110,105.5,110,103.1,36.245,65.241,3.5,6.9,1.2
1,110,105.5,110,103.1,36.245,65.241,3.5,6.9,1
1,115,105.5,110,103.1,36.245,65.241,3.5,6.9,1.5
1,115,105.5,110,103.1,36.245,65.241,3.5,6.9,1.4
1,115,105.5,110,103.1,36.245,65.241,3.5,6.9,1.5
1,80,99,100.5,103.1,59.804,114.17,3.5,6.9,0
1,80,99,100.5,103.1,59.804,114.17,3.5,6.9,0
1,80,99,100.5,103.1,59.804,114.17,3.5,6.9,0
1,85,99,100.5,103.1,59.804,114.17,3.5,6.9,0
1,85,99,100.5,103.1,59.804,114.17,3.5,6.9,0
1,85,99,100.5,103.1,59.804,114.17,3.5,6.9,0
1,90,99,100.5,103.1,59.804,114.17,3.5,6.9,1
1,90,99,100.5,103.1,59.804,114.17,3.5,6.9,0.8
1,90,99,100.5,103.1,59.804,114.17,3.5,6.9,0.1
1,95,99,100.5,103.1,59.804,114.17,3.5,6.9,0.8
1,95,99,100.5,103.1,59.804,114.17,3.5,6.9,0.9
1,95,99,100.5,103.1,59.804,114.17,3.5,6.9,0.8
1,100,99,100.5,103.1,59.804,114.17,3.5,6.9,0.9
1,100,99,100.5,103.1,59.804,114.17,3.5,6.9,1
1,100,99,100.5,103.1,59.804,114.17,3.5,6.9,0.8
1,105,99,100.5,103.1,59.804,114.17,3.5,6.9,0.8
1,105,99,100.5,103.1,59.804,114.17,3.5,6.9,1
1,105,99,100.5,103.1,59.804,114.17,3.5,6.9,1.2
1,110,99,100.5,103.1,59.804,114.17,3.5,6.9,1.1
1,110,99,100.5,103.1,59.804,114.17,3.5,6.9,0.9
1,110,99,100.5,103.1,59.804,114.17,3.5,6.9,0.8
1,115,99,100.5,103.1,59.804,114.17,3.5,6.9,1.1
1,115,99,100.5,103.1,59.804,114.17,3.5,6.9,1.2
1,115,99,100.5,103.1,59.804,114.17,3.5,6.9,1.3
1,90,96.5,103.5,103.1,68.866,126.86,3.5,6.9,0
1,90,96.5,103.5,103.1,68.866,126.86,3.5,6.9,0
1,90,96.5,103.5,103.1,68.866,126.86,3.5,6.9,0
1,95,96.5,103.5,103.1,68.866,126.86,3.5,6.9,0
1,95,96.5,103.5,103.1,68.866,126.86,3.5,6.9,0
1,95,96.5,103.5,103.1,68.866,126.86,3.5,6.9,0
1,100,96.5,103.5,103.1,68.866,126.86,3.5,6.9,0.8
1,100,96.5,103.5,103.1,68.866,126.86,3.5,6.9,0.9
1,100,96.5,103.5,103.1,68.866,126.86,3.5,6.9,0.8
1,105,96.5,103.5,103.1,68.866,126.86,3.5,6.9,1.2
1,105,96.5,103.5,103.1,68.866,126.86,3.5,6.9,1
1,105,96.5,103.5,103.1,68.866,126.86,3.5,6.9,0.8
1,110,96.5,103.5,103.1,68.866,126.86,3.5,6.9,0.9
1,110,96.5,103.5,103.1,68.866,126.86,3.5,6.9,1
1,110,96.5,103.5,103.1,68.866,126.86,3.5,6.9,1.2
1,115,96.5,103.5,103.1,68.866,126.86,3.5,6.9,1.6
1,115,96.5,103.5,103.1,68.866,126.86,3.5,6.9,1.5
1,115,96.5,103.5,103.1,68.866,126.86,3.5,6.9,1.6
1,80,96,98,103.1,67.053,123.23,3.5,6.9,0
1,80,96,98,103.1,67.053,123.23,3.5,6.9,0
1,80,96,98,103.1,67.053,123.23,3.5,6.9,0
1,85,96,98,103.1,67.053,123.23,3.5,6.9,0
1,85,96,98,103.1,67.053,123.23,3.5,6.9,0
1,85,96,98,103.1,67.053,123.23,3.5,6.9,0
1,90,96,98,103.1,67.053,123.23,3.5,6.9,0.9
1,90,96,98,103.1,67.053,123.23,3.5,6.9,0.8
1,90,96,98,103.1,67.053,123.23,3.5,6.9,0.7
1,95,96,98,103.1,67.053,123.23,3.5,6.9,0.7
1,95,96,98,103.1,67.053,123.23,3.5,6.9,1
1,95,96,98,103.1,67.053,123.23,3.5,6.9,1.2
1,100,96,98,103.1,67.053,123.23,3.5,6.9,1.3
1,100,96,98,103.1,67.053,123.23,3.5,6.9,1.1
1,100,96,98,103.1,67.053,123.23,3.5,6.9,0.9
1,105,96,98,103.1,67.053,123.23,3.5,6.9,1.2
1,105,96,98,103.1,67.053,123.23,3.5,6.9,1.3
1,105,96,98,103.1,67.053,123.23,3.5,6.9,1.1
1,110,96,98,103.1,67.053,123.23,3.5,6.9,1.8
1,110,96,98,103.1,67.053,123.23,3.5,6.9,1.4
1,110,96,98,103.1,67.053,123.23,3.5,6.9,1.6
1,115,96,98,103.1,67.053,123.23,3.5,6.9,0.1
1,115,96,98,103.1,67.053,123.23,3.5,6.9,0.8
1,115,96,98,103.1,67.053,123.23,3.5,6.9,1.1
1,65,103,103.5,103.1,45.306,135.92,3.5,6.9,0
1,65,103,103.5,103.1,45.306,135.92,3.5,6.9,0
1,65,103,103.5,103.1,45.306,135.92,3.5,6.9,0
1,70,103,103.5,103.1,45.306,135.92,3.5,6.9,0
1,70,103,103.5,103.1,45.306,135.92,3.5,6.9,0
1,70,103,103.5,103.1,45.306,135.92,3.5,6.9,0
1,75,103,103.5,103.1,45.306,135.92,3.5,6.9,0.8
1,75,103,103.5,103.1,45.306,135.92,3.5,6.9,0.9
1,75,103,103.5,103.1,45.306,135.92,3.5,6.9,0.8
1,80,103,103.5,103.1,45.306,135.92,3.5,6.9,0.1
1,80,103,103.5,103.1,45.306,135.92,3.5,6.9,1.1
1,80,103,103.5,103.1,45.306,135.92,3.5,6.9,1.5
1,85,103,103.5,103.1,45.306,135.92,3.5,6.9,0.7
1,85,103,103.5,103.1,45.306,135.92,3.5,6.9,0.8
1,85,103,103.5,103.1,45.306,135.92,3.5,6.9,0
1,90,103,103.5,103.1,45.306,135.92,3.5,6.9,2.2
1,90,103,103.5,103.1,45.306,135.92,3.5,6.9,1.8
1,90,103,103.5,103.1,45.306,135.92,3.5,6.9,1.7
1,95,103,103.5,103.1,45.306,135.92,3.5,6.9,1
1,95,103,103.5,103.1,45.306,135.92,3.5,6.9,1.1
1,95,103,103.5,103.1,45.306,135.92,3.5,6.9,1
1,100,103,103.5,103.1,45.306,135.92,3.5,6.9,2
1,100,103,103.5,103.1,45.306,135.92,3.5,6.9,1.6
1,100,103,103.5,103.1,45.306,135.92,3.5,6.9,1.3
1,105,103,103.5,103.1,45.306,135.92,3.5,6.9,1
1,105,103,103.5,103.1,45.306,135.92,3.5,6.9,1.5
1,105,103,103.5,103.1,45.306,135.92,3.5,6.9,1.7
1,110,103,103.5,103.1,45.306,135.92,3.5,6.9,2
1,110,103,103.5,103.1,45.306,135.92,3.5,6.9,1.6
1,110,103,103.5,103.1,45.306,135.92,3.5,6.9,1.4
1,115,103,103.5,103.1,45.306,135.92,3.5,6.9,1.3
1,115,103,103.5,103.1,45.306,135.92,3.5,6.9,1.4
1,115,103,103.5,103.1,45.306,135.92,3.5,6.9,1.2
1,80,123,125.5,92.125,45.306,57.992,9.2,4.6,0
1,80,123,125.5,92.125,45.306,57.992,9.2,4.6,0
1,80,123,125.5,92.125,45.306,57.992,9.2,4.6,0
1,85,123,125.5,92.125,45.306,57.992,9.2,4.6,0
1,85,123,125.5,92.125,45.306,57.992,9.2,4.6,0
1,85,123,125.5,92.125,45.306,57.992,9.2,4.6,0
1,90,123,125.5,92.125,45.306,57.992,9.2,4.6,1
1,90,123,125.5,92.125,45.306,57.992,9.2,4.6,0.9
1,90,123,125.5,92.125,45.306,57.992,9.2,4.6,0.8
1,100,123,125.5,92.125,45.306,57.992,9.2,4.6,0.8
1,100,123,125.5,92.125,45.306,57.992,9.2,4.6,0.9
1,100,123,125.5,92.125,45.306,57.992,9.2,4.6,0.8
1,105,123,125.5,92.125,45.306,57.992,9.2,4.6,0.8
1,105,123,125.5,92.125,45.306,57.992,9.2,4.6,0.9
1,105,123,125.5,92.125,45.306,57.992,9.2,4.6,0.1
1,110,123,125.5,92.125,45.306,57.992,9.2,4.6,1.5
1,110,123,125.5,92.125,45.306,57.992,9.2,4.6,1.6
1,110,123,125.5,92.125,45.306,57.992,9.2,4.6,1.4
1,115,123,125.5,92.125,45.306,57.992,9.2,4.6,0.8
1,115,123,125.5,92.125,45.306,57.992,9.2,4.6,1.1
1,115,123,125.5,92.125,45.306,57.992,9.2,4.6,1.4
1,120,123,125.5,92.125,45.306,57.992,9.2,4.6,2.2
1,120,123,125.5,92.125,45.306,57.992,9.2,4.6,2.1
1,120,123,125.5,92.125,45.306,57.992,9.2,4.6,1.9
1,125,123,125.5,92.125,45.306,57.992,9.2,4.6,2.2
1,125,123,125.5,92.125,45.306,57.992,9.2,4.6,2.1
1,125,123,125.5,92.125,45.306,57.992,9.2,4.6,1.9
1,130,123,125.5,92.125,45.306,57.992,9.2,4.6,2.3
1,130,123,125.5,92.125,45.306,57.992,9.2,4.6,2.1
1,130,123,125.5,92.125,45.306,57.992,9.2,4.6,2
1,135,123,125.5,92.125,45.306,57.992,9.2,4.6,0.1
1,135,123,125.5,92.125,45.306,57.992,9.2,4.6,1.1
1,135,123,125.5,92.125,45.306,57.992,9.2,4.6,1.7
1,75,58,59.5,92.125,56.18,70.678,9.2,4.6,0
1,75,58,59.5,92.125,56.18,70.678,9.2,4.6,0
1,75,58,59.5,92.125,56.18,70.678,9.2,4.6,0
1,80,58,59.5,92.125,56.18,70.678,9.2,4.6,0
1,80,58,59.5,92.125,56.18,70.678,9.2,4.6,0
1,80,58,59.5,92.125,56.18,70.678,9.2,4.6,0
1,85,58,59.5,92.125,56.18,70.678,9.2,4.6,0.9
1,85,58,59.5,92.125,56.18,70.678,9.2,4.6,0.8
1,85,58,59.5,92.125,56.18,70.678,9.2,4.6,0.1
1,90,58,59.5,92.125,56.18,70.678,9.2,4.6,0.9
1,90,58,59.5,92.125,56.18,70.678,9.2,4.6,0.8
1,90,58,59.5,92.125,56.18,70.678,9.2,4.6,0.7
1,95,58,59.5,92.125,56.18,70.678,9.2,4.6,1.1
1,95,58,59.5,92.125,56.18,70.678,9.2,4.6,0.9
1,95,58,59.5,92.125,56.18,70.678,9.2,4.6,0.8
1,100,58,59.5,92.125,56.18,70.678,9.2,4.6,1.1
1,100,58,59.5,92.125,56.18,70.678,9.2,4.6,1.2
1,100,58,59.5,92.125,56.18,70.678,9.2,4.6,1.3
1,105,58,59.5,92.125,56.18,70.678,9.2,4.6,1.2
1,105,58,59.5,92.125,56.18,70.678,9.2,4.6,1.1
1,105,58,59.5,92.125,56.18,70.678,9.2,4.6,1.1
1,110,58,59.5,92.125,56.18,70.678,9.2,4.6,0.8
1,110,58,59.5,92.125,56.18,70.678,9.2,4.6,0.9
1,110,58,59.5,92.125,56.18,70.678,9.2,4.6,1
1,115,58,59.5,92.125,56.18,70.678,9.2,4.6,1.2
1,115,58,59.5,92.125,56.18,70.678,9.2,4.6,1.3
1,115,58,59.5,92.125,56.18,70.678,9.2,4.6,1.2
1,120,58,59.5,92.125,56.18,70.678,9.2,4.6,0.8
1,120,58,59.5,92.125,56.18,70.678,9.2,4.6,0.9
1,120,58,59.5,92.125,56.18,70.678,9.2,4.6,1.1
1,125,58,59.5,92.125,56.18,70.678,9.2,4.6,1.3
1,125,58,59.5,92.125,56.18,70.678,9.2,4.6,1.2
1,125,58,59.5,92.125,56.18,70.678,9.2,4.6,1.1
1,130,58,59.5,92.125,56.18,70.678,9.2,4.6,1.9
1,130,58,59.5,92.125,56.18,70.678,9.2,4.6,1.8
1,130,58,59.5,92.125,56.18,70.678,9.2,4.6,1.5
1,135,58,59.5,92.125,56.18,70.678,9.2,4.6,1.6
1,135,58,59.5,92.125,56.18,70.678,9.2,4.6,1.8
1,135,58,59.5,92.125,56.18,70.678,9.2,4.6,1.7
1,65,84,87.5,92.125,59.804,81.551,9.2,4.6,0
1,65,84,87.5,92.125,59.804,81.551,9.2,4.6,0
1,65,84,87.5,92.125,59.804,81.551,9.2,4.6,0
1,70,84,87.5,92.125,59.804,81.551,9.2,4.6,0
1,70,84,87.5,92.125,59.804,81.551,9.2,4.6,0
1,70,84,87.5,92.125,59.804,81.551,9.2,4.6,0
1,75,84,87.5,92.125,59.804,81.551,9.2,4.6,0
1,75,84,87.5,92.125,59.804,81.551,9.2,4.6,0.1
1,75,84,87.5,92.125,59.804,81.551,9.2,4.6,0
1,80,84,87.5,92.125,59.804,81.551,9.2,4.6,1
1,80,84,87.5,92.125,59.804,81.551,9.2,4.6,1.7
1,80,84,87.5,92.125,59.804,81.551,9.2,4.6,2
1,85,84,87.5,92.125,59.804,81.551,9.2,4.6,1.9
1,85,84,87.5,92.125,59.804,81.551,9.2,4.6,1.7
1,85,84,87.5,92.125,59.804,81.551,9.2,4.6,1.4
1,90,84,87.5,92.125,59.804,81.551,9.2,4.6,1.5
1,90,84,87.5,92.125,59.804,81.551,9.2,4.6,1.6
1,90,84,87.5,92.125,59.804,81.551,9.2,4.6,1.7
1,95,84,87.5,92.125,59.804,81.551,9.2,4.6,0.9
1,95,84,87.5,92.125,59.804,81.551,9.2,4.6,1.1
1,95,84,87.5,92.125,59.804,81.551,9.2,4.6,1.4
1,100,84,87.5,92.125,59.804,81.551,9.2,4.6,1.4
1,100,84,87.5,92.125,59.804,81.551,9.2,4.6,1.2
1,100,84,87.5,92.125,59.804,81.551,9.2,4.6,1.1
1,105,84,87.5,92.125,59.804,81.551,9.2,4.6,1.5
1,105,84,87.5,92.125,59.804,81.551,9.2,4.6,1.3
1,105,84,87.5,92.125,59.804,81.551,9.2,4.6,1.4
1,110,84,87.5,92.125,59.804,81.551,9.2,4.6,2.2
1,110,84,87.5,92.125,59.804,81.551,9.2,4.6,2.3
1,110,84,87.5,92.125,59.804,81.551,9.2,4.6,2.2
1,115,84,87.5,92.125,59.804,81.551,9.2,4.6,2.7
1,115,84,87.5,92.125,59.804,81.551,9.2,4.6,1.9
1,115,84,87.5,92.125,59.804,81.551,9.2,4.6,1.6
1,120,84,87.5,92.125,59.804,81.551,9.2,4.6,1.1
1,120,84,87.5,92.125,59.804,81.551,9.2,4.6,1
1,120,84,87.5,92.125,59.804,81.551,9.2,4.6,0.9
1,125,84,87.5,92.125,59.804,81.551,9.2,4.6,1.2
1,125,84,87.5,92.125,59.804,81.551,9.2,4.6,1.3
1,125,84,87.5,92.125,59.804,81.551,9.2,4.6,1.5
1,130,84,87.5,92.125,59.804,81.551,9.2,4.6,1.1
1,130,84,87.5,92.125,59.804,81.551,9.2,4.6,1
1,130,84,87.5,92.125,59.804,81.551,9.2,4.6,0.9
1,135,84,87.5,92.125,59.804,81.551,9.2,4.6,1.7
1,135,84,87.5,92.125,59.804,81.551,9.2,4.6,1.6
1,135,84,87.5,92.125,59.804,81.551,9.2,4.6,1.4
1,75,94.5,96,92.125,52.555,77.927,9.2,4.6,0
1,75,94.5,96,92.125,52.555,77.927,9.2,4.6,0
1,75,94.5,96,92.125,52.555,77.927,9.2,4.6,0
1,80,94.5,96,92.125,52.555,77.927,9.2,4.6,0
1,80,94.5,96,92.125,52.555,77.927,9.2,4.6,0
1,80,94.5,96,92.125,52.555,77.927,9.2,4.6,0
1,85,94.5,96,92.125,52.555,77.927,9.2,4.6,1
1,85,94.5,96,92.125,52.555,77.927,9.2,4.6,0.9
1,85,94.5,96,92.125,52.555,77.927,9.2,4.6,0.8
1,90,94.5,96,92.125,52.555,77.927,9.2,4.6,1.1
1,90,94.5,96,92.125,52.555,77.927,9.2,4.6,0.9
1,90,94.5,96,92.125,52.555,77.927,9.2,4.6,0.8
1,95,94.5,96,92.125,52.555,77.927,9.2,4.6,0.8
1,95,94.5,96,92.125,52.555,77.927,9.2,4.6,1
1,95,94.5,96,92.125,52.555,77.927,9.2,4.6,1.2
1,100,94.5,96,92.125,52.555,77.927,9.2,4.6,1.2
1,100,94.5,96,92.125,52.555,77.927,9.2,4.6,1.3
1,100,94.5,96,92.125,52.555,77.927,9.2,4.6,1.4
1,105,94.5,96,92.125,52.555,77.927,9.2,4.6,1.7
1,105,94.5,96,92.125,52.555,77.927,9.2,4.6,1.6
1,105,94.5,96,92.125,52.555,77.927,9.2,4.6,1
1,110,94.5,96,92.125,52.555,77.927,9.2,4.6,0.9
1,110,94.5,96,92.125,52.555,77.927,9.2,4.6,1.2
1,110,94.5,96,92.125,52.555,77.927,9.2,4.6,1.5
1,115,94.5,96,92.125,52.555,77.927,9.2,4.6,0.8
1,115,94.5,96,92.125,52.555,77.927,9.2,4.6,1
1,115,94.5,96,92.125,52.555,77.927,9.2,4.6,0.9
1,120,94.5,96,92.125,52.555,77.927,9.2,4.6,0.1
1,120,94.5,96,92.125,52.555,77.927,9.2,4.6,0.9
1,120,94.5,96,92.125,52.555,77.927,9.2,4.6,1
1,125,94.5,96,92.125,52.555,77.927,9.2,4.6,0.9
1,125,94.5,96,92.125,52.555,77.927,9.2,4.6,1
1,125,94.5,96,92.125,52.555,77.927,9.2,4.6,0.9
1,130,94.5,96,92.125,52.555,77.927,9.2,4.6,1
1,130,94.5,96,92.125,52.555,77.927,9.2,4.6,0.9
1,130,94.5,96,92.125,52.555,77.927,9.2,4.6,0.9
1,135,94.5,96,92.125,52.555,77.927,9.2,4.6,1.1
1,135,94.5,96,92.125,52.555,77.927,9.2,4.6,1
1,135,94.5,96,92.125,52.555,77.927,9.2,4.6,0.9
